ID,Predicted
13550,2
5947,4
17260,0
117,0
7099,3
4613,0
10816,2
9031,3
14274,2
15229,3
18384,0
11523,0
11475,0
14609,0
6452,2
17774,3
4994,2
8133,3
16125,0
8263,4
16779,2
11363,2
11641,0
13395,1
12258,0
18412,3
3726,0
2936,4
12046,3
3203,0
6614,0
11023,0
13183,6
13689,3
3915,2
11700,0
1312,2
6487,0
3414,0
7972,0
11182,3
13414,0
4358,0
1589,3
8335,2
19300,0
13567,0
14109,6
3424,0
19374,0
13521,2
2739,2
1936,3
3587,4
18689,3
9281,0
12773,0
17524,0
13891,2
11678,1
11196,3
11986,2
956,0
9078,0
17182,0
17519,2
13428,0
3377,0
18263,3
16562,0
9436,2
10410,0
12275,0
16448,0
614,2
10789,3
16655,4
3845,0
17560,5
8853,0
1560,0
2283,0
10178,4
13171,0
12265,0
9168,0
853,3
15534,1
1172,0
15847,0
17576,0
2989,0
3191,0
6553,0
1996,1
13269,0
4071,0
17824,2
11572,0
13076,0
8150,4
18000,0
18778,4
12718,2
15451,4
13161,0
16347,0
19554,0
523,3
8130,3
18096,2
6571,4
3406,3
17901,0
4652,0
619,0
14114,0
570,2
5636,0
1908,6
16696,0
2660,0
17800,0
11891,2
18642,2
16896,0
11957,0
15147,2
4573,0
1810,0
4497,0
16446,0
19213,0
2978,0
16625,0
9641,0
4357,0
15096,2
392,0
4663,0
2875,0
10142,4
4578,4
14257,1
8428,0
4837,2
10238,3
15848,2
18594,0
14986,2
1095,0
7147,0
5077,0
3252,3
17353,2
7856,0
1975,3
3983,0
17312,0
19965,6
18639,2
1816,0
13013,3
15525,3
10524,2
17058,0
3267,0
15424,4
14692,0
18860,3
13448,0
5398,6
13947,0
2869,0
11260,0
1813,0
15328,8
8001,0
15872,3
10067,2
18224,0
666,2
18369,2
10748,0
2934,2
13782,2
10380,6
5829,0
161,5
17915,0
13234,0
14537,0
13765,0
18444,2
2983,0
6789,0
7382,0
11528,0
11889,3
13107,0
12323,4
17209,0
9181,0
15034,0
8624,2
11375,0
13934,0
5882,4
16179,0
19596,0
10601,0
5752,0
10183,0
12031,4
18333,2
5338,0
18344,0
8947,2
2052,0
7130,2
12888,4
10014,2
13050,0
13579,0
15449,2
1081,0
16829,0
2763,2
13329,0
19585,3
19595,4
1088,2
16380,6
974,2
8179,3
6816,0
14877,4
10053,0
15897,3
13960,2
18931,3
7394,0
5606,0
446,0
17958,0
390,0
1104,2
2015,0
14033,3
13395,3
3155,4
6140,3
7106,0
7830,3
6103,3
14863,0
3936,0
5448,0
8531,0
6411,0
6806,2
17575,2
1742,0
17530,0
8252,2
14226,2
7557,0
4426,2
18435,4
13568,2
19904,2
11590,3
7965,0
7679,0
3969,2
8205,3
19581,0
18105,0
15586,0
17430,3
1657,0
8070,2
3144,3
11084,0
10,0
18624,0
14086,0
4263,2
2709,2
14080,0
603,2
12153,2
19359,0
2385,4
4769,2
15627,0
3985,0
19018,3
8534,0
9365,0
6464,0
6819,0
1030,3
10014,2
2837,0
2327,2
6668,0
11367,0
5499,2
2389,0
4033,0
1211,0
237,2
14191,0
5448,0
10380,0
7266,0
3431,0
13490,0
1881,2
19558,2
9484,0
13869,2
16057,1
9582,1
16964,3
16288,0
4426,3
13303,0
12751,0
13446,0
16346,3
352,0
12380,0
2776,0
17988,3
14783,0
6449,0
3020,0
14289,2
5842,3
11938,2
15504,0
7399,3
18555,4
15822,0
11653,2
11457,5
4370,2
14409,2
1883,0
19001,2
6303,2
17874,0
7560,0
9164,2
9628,0
12450,3
19613,2
18214,3
9617,0
2440,2
798,3
11234,0
12982,0
14295,2
14389,2
17138,0
19723,0
16056,0
14116,3
9915,3
17087,0
9553,3
4532,3
17818,3
9752,0
6426,2
16611,4
12021,0
16645,0
2365,0
7407,3
6368,1
19187,0
6122,0
9340,2
18557,0
16252,0
16279,0
13068,2
9475,0
364,0
18378,0
16859,0
17069,0
19128,2
4805,4
3715,2
16279,0
14184,3
8893,0
16865,6
7833,2
13854,0
15321,0
5368,0
7995,2
14254,3
6406,3
6146,3
11122,3
13362,0
8007,0
17772,0
14391,4
3367,2
7084,0
18015,0
15686,2
1852,2
18660,2
16396,0
15992,0
3006,6
16920,3
6142,0
1898,0
2475,0
2100,3
12265,2
16881,0
12288,3
9221,2
11795,2
1724,3
13122,0
11882,2
18248,1
6748,4
15966,0
14436,0
6217,2
8186,2
6652,4
17801,3
10251,0
11755,2
18908,2
15871,2
8690,1
19782,4
2367,0
19169,2
10051,0
374,3
8844,3
4357,5
4853,2
13807,0
18268,0
16610,2
18845,3
12658,0
9821,0
19053,4
17118,0
13292,0
8202,0
4432,0
6979,3
7465,2
1855,2
2465,2
8549,2
9587,0
13280,0
13429,0
13135,4
8802,0
2472,3
13279,0
4700,0
6684,0
3241,2
969,0
11312,2
15357,2
10589,0
3809,0
4016,0
421,0
1856,0
6990,2
3770,5
19901,0
15269,0
11001,2
12178,0
2268,0
73,3
9650,0
17616,2
17749,0
2023,0
4406,2
8907,0
9825,0
18706,2
8625,0
4491,2
18232,2
10627,0
560,0
5435,0
1518,0
8812,2
19769,0
15560,4
1974,0
19581,0
17397,0
11704,2
5801,4
7957,2
17297,4
12452,0
18458,0
11906,0
4559,2
7823,4
12128,4
15160,0
10616,0
6794,0
5930,0
10893,2
1850,3
3291,3
16344,2
17520,2
6041,3
7378,4
6966,3
5881,3
2659,0
11181,0
3749,3
6499,0
2642,2
9096,2
16009,0
6511,2
11303,0
4711,0
10093,2
8210,0
10400,0
7349,0
18146,2
8181,0
14868,0
10860,3
5256,3
8472,2
17174,4
922,0
3028,0
9336,2
16223,3
4213,0
5983,0
10725,3
1267,3
8752,1
18203,0
15605,0
3453,0
7400,3
11284,0
14536,3
12819,0
17272,6
8556,2
8578,1
4440,2
427,0
7419,1
2886,0
16198,3
2418,0
12045,0
1306,2
14626,0
1378,2
13907,3
1907,0
9064,2
10488,2
18890,2
1625,0
12997,0
18520,0
19963,1
14328,0
17248,2
5237,2
10390,0
19229,3
7400,0
7953,3
9155,0
16521,0
9843,0
15072,0
5783,2
2708,2
2575,3
2169,3
11664,0
14072,3
7011,0
5409,2
3888,3
19216,0
2262,4
4757,0
9850,0
15787,0
10833,0
16774,0
1403,0
10674,0
4529,3
4134,3
661,0
15707,0
11671,3
10576,2
8321,0
18730,0
13773,0
3951,2
3998,0
12433,0
1070,0
10778,3
17675,0
11473,0
12839,4
18316,0
1545,0
1619,0
6783,1
15184,2
4531,3
11174,0
3918,2
14593,4
15749,2
481,0
13917,3
1823,2
851,0
13562,2
3041,2
14831,0
7701,0
13846,0
15775,0
19436,0
1361,9
2674,0
1946,0
10214,0
12746,0
12363,0
1906,3
18526,0
13030,2
1525,4
5991,0
14574,0
12312,0
17138,3
16172,0
17568,0
1737,2
14758,3
2032,1
17247,0
10165,0
13854,4
8498,0
16749,6
11859,2
5586,1
19680,0
16609,0
19896,3
1735,3
18899,4
14555,3
504,3
13537,1
13451,2
8228,0
10787,2
8160,1
12379,3
6851,0
13605,0
19790,2
2044,1
10652,3
12039,2
9312,3
11112,0
6605,2
11646,3
19194,3
19054,0
16644,2
2627,2
5498,0
7851,3
10965,3
12638,0
9650,0
5789,2
6548,0
3086,0
7041,0
3738,2
13733,4
1286,5
1449,2
2268,4
3085,0
1763,0
15156,0
9148,0
18425,0
4673,3
6617,2
2328,0
4056,4
2431,2
16112,3
8569,3
14691,0
17615,0
1777,0
12330,0
901,2
5571,2
18565,0
7233,0
15355,2
19122,0
4858,0
19567,0
172,3
1861,2
18133,0
15007,0
14153,0
15479,2
12697,3
9588,0
11220,0
15855,0
6754,2
13516,0
5781,0
13147,0
8210,2
19751,4
2454,0
10135,2
13456,3
15998,2
1646,3
18196,3
14839,2
13560,2
4261,0
5600,2
1645,3
6475,0
14755,3
12336,0
11675,0
17508,0
244,2
957,2
14680,0
7776,3
5909,0
14414,2
11064,0
18489,0
9718,2
17101,4
5941,2
19914,2
2044,0
3407,0
14113,3
2191,0
6696,2
11970,6
12651,6
1449,3
13718,3
11704,3
5831,4
7951,0
10147,3
15945,0
10677,2
19472,2
3074,3
19094,3
9302,0
2881,0
8804,0
8110,2
14166,0
15540,0
7362,3
5552,3
10068,3
4882,0
4239,0
1700,3
9339,0
18549,0
17848,4
5389,1
15997,3
15088,0
5984,3
1636,2
18385,0
17951,4
5240,0
3671,0
10647,0
11252,0
19162,0
3748,0
4695,0
18569,2
1577,0
4621,0
18077,0
12109,3
6200,0
4582,0
13149,0
12569,2
4458,0
11030,2
1725,2
6587,3
7598,0
18431,4
11254,0
15995,2
14641,0
1948,0
13992,2
1956,2
17587,0
2161,1
1549,0
13527,2
12748,3
4576,2
12979,5
4631,3
7941,0
2077,2
19540,0
5322,0
19280,2
15246,0
18799,2
15674,4
10517,0
13705,0
1893,3
18677,0
2887,4
15790,5
3225,0
4001,0
3764,0
19203,0
18178,2
10973,2
4363,2
18062,1
12977,3
12879,0
3998,3
3150,0
13313,2
14246,6
15233,0
18395,0
14162,3
6523,3
6089,0
1702,2
13012,3
9077,0
19033,0
19870,4
14683,0
3342,0
16646,3
16353,2
6116,2
19572,0
10800,3
10799,6
6924,2
9917,3
3239,0
10979,0
4508,3
3935,0
15070,3
9980,0
6295,0
11110,3
17653,0
4109,0
17985,2
17357,2
3810,2
8808,0
8236,0
2,2
1552,4
10970,2
4893,3
6476,3
9388,2
4616,2
6895,0
7124,0
13778,3
5056,2
1079,1
17348,2
3373,2
1806,0
6749,0
12977,0
560,0
1724,3
1550,2
19544,0
9637,2
6297,2
7485,0
11360,2
7309,0
1478,1
16542,0
6719,3
6862,2
5592,0
11695,3
7701,0
7114,0
18743,0
1211,0
12857,2
9549,0
15125,0
12771,0
12198,4
11241,0
14289,2
13331,3
954,3
442,0
15979,2
11411,2
6737,2
7595,0
17194,2
15346,4
7452,2
10458,0
17042,2
17772,3
10284,2
2850,0
10932,6
18172,0
7158,0
12693,3
13801,0
15036,1
14075,2
18693,2
14914,3
12225,3
12236,2
331,3
15845,2
5454,2
12122,0
9045,0
10139,0
16351,3
2637,0
11749,2
14203,0
6915,3
1308,0
10785,0
10136,0
19843,0
17010,2
11104,0
19977,0
16195,0
3196,2
3558,2
13532,4
16152,3
18354,1
16244,0
11589,0
329,0
19492,0
13192,3
15474,3
15149,3
11246,0
19370,2
5738,3
11268,0
365,3
4967,0
11136,3
5419,4
17924,0
816,4
2557,0
19907,0
13320,3
8322,0
3644,0
9221,3
18427,0
6716,0
3224,0
19218,0
6704,2
7777,0
2763,2
12242,3
18755,0
2272,3
19758,4
16824,0
19689,3
2994,0
13127,2
8876,0
5519,6
19097,3
13926,0
2779,3
19502,0
7561,4
19256,2
3499,0
3255,0
8183,0
597,0
17327,0
16482,0
4018,3
14899,0
2419,0
9379,2
13851,3
16988,0
13058,2
10587,0
18135,0
11483,0
8682,4
16402,0
18158,3
18261,6
9968,0
17480,0
13163,2
9156,4
5078,3
18272,0
14231,4
13964,0
19508,0
17434,2
2033,0
6941,0
2942,4
14622,2
17340,2
8853,2
9095,0
18556,2
11185,1
11023,0
11594,0
5993,4
18125,5
15520,4
1447,0
307,0
4452,3
13465,0
17032,2
15087,2
17064,0
15140,1
2925,5
19466,0
19045,2
13528,4
16616,2
13417,2
1098,3
11228,6
10426,2
1507,3
14016,1
18678,2
3937,0
14572,4
5185,0
19645,1
11565,4
16537,0
3185,0
14256,0
13131,0
14162,0
19065,1
6358,3
17456,0
8808,2
13623,2
3370,0
18892,0
17905,0
7037,0
17253,3
7296,3
15434,3
3432,0
8226,5
18621,0
12156,0
1198,2
14527,2
15629,0
3083,2
4656,3
10345,0
10514,4
14820,0
13969,0
3770,2
13844,0
15187,3
71,3
11332,0
12185,0
534,2
8558,0
14915,4
16988,2
4669,0
6901,0
10267,0
10176,3
7299,0
8613,0
12485,3
8092,0
18852,2
5599,2
18249,0
3266,4
11479,0
18400,2
5054,3
11435,4
340,0
4619,0
8475,0
12470,3
2580,0
4917,0
7446,2
3092,2
8027,0
488,0
9255,3
12881,4
2196,0
3771,2
14868,0
10916,2
15830,0
597,0
5319,0
18876,3
6019,2
17725,0
16371,0
4102,3
13097,0
13518,7
8234,0
18241,0
6731,2
10985,3
3158,3
17352,3
8787,3
15738,3
11109,6
12334,0
17749,2
13254,0
4144,2
12329,3
9847,3
9111,4
7390,2
1986,0
19231,2
3943,0
15302,2
1447,2
13345,2
12175,3
18263,0
12652,0
11439,2
8391,2
14113,0
3167,3
8745,0
11441,0
16260,2
3574,0
15360,3
4386,3
8933,3
14348,0
16835,2
8172,0
6963,0
3983,4
17622,2
19515,0
9846,2
3561,0
4470,2
15890,1
6638,0
7777,4
10081,4
9429,2
5471,0
3278,0
17784,3
12720,0
3185,0
14083,0
6992,0
15901,3
9139,0
3812,5
11442,0
2049,0
3722,4
16654,0
2795,0
7460,3
15635,0
18410,2
14211,0
5509,3
14586,2
18653,0
8901,0
10447,0
14908,2
13395,2
9177,4
7697,0
17177,0
3621,0
16156,2
7693,0
4326,0
7987,0
2321,3
18048,0
2509,3
3178,0
18971,1
3148,0
9435,3
12380,0
2670,0
18227,0
6533,2
15608,0
13598,0
4164,0
12852,4
19157,4
6752,3
17076,4
6533,2
141,2
12924,0
7795,0
10973,0
3727,0
3164,2
18074,0
17331,3
8015,3
13746,4
3457,3
1761,0
5036,0
2113,0
18877,0
19257,3
17007,0
15023,3
10046,0
17144,3
13669,2
19494,3
11190,2
7778,3
7837,1
17514,2
10218,0
5374,2
11166,3
12459,4
18243,2
17685,0
5402,0
16343,0
2625,0
10582,0
19259,0
5432,3
19028,0
18171,0
5796,0
9422,0
4945,3
5136,4
4637,3
11826,3
870,0
16422,2
13737,4
4161,2
14439,0
12975,0
6117,2
16080,0
11035,0
5738,0
2756,0
2289,2
10391,0
13772,0
10020,0
17296,0
5295,0
16226,3
3551,3
12120,2
13304,3
17494,2
10457,0
13521,0
13866,0
11874,4
6539,2
18807,5
15349,3
7263,3
9692,0
2759,4
12390,0
6722,0
16061,0
1391,5
18062,2
4765,3
3805,0
4633,3
7297,3
861,2
1141,3
4951,2
18443,0
4378,0
11767,3
16122,0
8664,0
19694,0
4437,0
2219,0
5002,0
12780,3
13568,3
15422,2
15979,0
18626,2
6513,3
7214,4
9686,2
17216,0
7186,0
18767,0
9764,3
3178,0
13288,0
17453,2
9604,1
19089,0
6058,4
4796,2
13186,2
9009,2
9597,0
15126,0
19576,3
5374,0
14423,0
4780,0
12501,2
15463,4
10976,0
6949,2
8414,0
14916,3
3129,0
16075,3
5899,0
17249,2
5850,0
4544,0
8004,0
12219,1
11785,0
2424,0
1677,0
17690,4
13767,2
4208,2
18215,3
8446,0
916,0
4180,0
3392,3
630,4
9142,2
17320,4
18322,2
9316,6
1300,3
10748,0
12544,0
15988,0
15762,6
11410,0
3216,3
1386,0
6391,0
8789,0
19982,3
7817,0
14062,3
19711,0
19888,3
2113,0
3630,1
17568,2
9964,2
3358,4
14089,0
14308,0
201,2
13731,2
18297,0
13772,0
1625,4
4067,1
18330,2
5041,0
13224,3
16770,0
14029,0
9548,2
19935,0
15934,6
13210,4
1230,0
18739,0
3326,3
17046,3
5877,0
17374,0
1268,0
15698,0
6371,0
9087,0
9324,0
4225,0
187,0
9996,0
12763,0
19787,0
14567,0
10073,0
11618,0
8705,3
7938,0
13455,0
155,0
10471,6
8983,0
19448,0
12337,2
6040,0
16571,0
15806,1
17358,0
7509,0
3534,2
18806,4
4992,3
1204,0
355,3
13070,0
8385,4
7023,0
13407,2
17330,0
19626,0
10640,2
17719,2
16512,0
7999,4
19383,1
15916,1
15954,2
13187,0
5872,2
6342,6
18100,2
15120,4
9991,3
8529,2
5578,0
13331,2
9206,0
4354,2
15623,0
16121,0
14122,3
8795,2
3330,2
10776,3
7022,2
18260,2
6124,0
8347,2
4820,0
10386,0
12910,0
17053,4
18450,3
10255,0
2572,0
15916,4
17937,0
2248,4
687,2
2385,0
18691,0
18763,0
2257,3
9916,3
8652,0
4266,0
15313,2
16173,5
5173,0
2515,2
2547,0
15476,0
13918,2
15385,4
2911,2
4324,2
6957,0
1164,0
2844,0
14367,0
7684,2
7194,3
15033,0
3568,0
5778,0
13769,3
17864,2
5851,0
5724,0
3490,0
12067,4
3747,2
3294,0
10253,0
13907,2
12823,2
5906,3
6479,0
2689,4
7374,2
18004,5
6982,0
1717,2
19965,4
4317,2
8215,3
9369,0
10264,0
19702,4
5122,0
3444,3
15149,4
4776,4
13666,0
7065,0
4276,0
17347,4
15187,0
19086,2
2048,4
15632,0
4804,0
4090,0
13757,0
6570,0
13731,0
3567,2
2667,0
11713,3
1431,4
2261,0
15960,3
10015,2
3750,2
14527,0
8737,0
6222,0
8577,2
1392,0
17713,0
15511,0
18252,0
11803,0
14141,4
12237,0
18539,0
9333,0
17274,3
4042,2
11258,2
10693,0
8987,1
14788,0
11284,3
3304,6
13795,0
3083,4
4912,0
10174,2
15775,4
519,4
8244,6
19968,0
15965,0
12003,0
1505,0
10335,0
8566,3
19614,0
11538,0
13368,0
16527,2
364,0
16234,0
4175,0
53,3
15515,0
11927,0
16667,0
16840,0
13794,0
16608,2
2591,3
10720,0
12665,0
3816,4
15848,3
8434,0
2722,0
3218,2
13964,2
19184,0
6889,2
13611,3
19041,0
589,2
11367,1
19850,2
4766,6
14296,2
19366,5
5974,2
19270,3
18844,0
5302,0
827,3
9011,3
8693,4
17043,3
739,0
6171,0
1048,2
11918,3
4430,0
2243,0
1581,2
16846,0
2024,2
19621,0
7382,0
5757,3
3963,2
18519,3
16708,0
18604,3
11164,4
9797,0
11260,0
4381,3
5972,3
5622,2
16924,0
12911,0
15385,3
14125,0
7455,4
16587,2
13897,0
5515,2
13016,2
2042,0
18381,0
55,0
13087,0
16980,0
3148,0
16280,0
18649,0
6043,3
10559,4
16807,3
11046,0
9007,3
8524,3
15795,0
19107,0
8024,3
14939,3
4277,3
15406,0
10617,3
10553,0
4414,0
12091,0
14334,3
15523,0
9171,3
14336,0
5956,0
3636,0
7130,0
2854,4
15738,2
5546,0
12474,0
1706,0
4835,2
15449,3
7054,0
4011,0
2775,0
18587,0
3320,0
15502,2
7350,0
18668,0
9306,0
15770,4
8417,0
2708,2
12847,2
8230,0
7114,2
8656,3
4016,2
4507,3
4283,0
17611,2
14450,3
13417,0
13515,0
13,0
1524,0
846,0
1117,3
2983,0
5276,2
12949,0
13543,3
8412,6
8185,2
7526,2
10964,0
1447,0
16704,0
1304,0
804,0
2196,0
15179,2
15620,0
8635,0
17145,2
7382,0
18105,0
8397,0
5295,0
6476,6
5619,0
8433,2
12399,2
4492,0
857,3
17508,0
15371,4
7866,0
1906,0
10057,0
12818,0
16142,2
10593,0
16048,3
3506,3
7641,4
12638,0
1868,0
15849,2
16406,0
719,0
17208,1
2708,3
7151,0
8838,6
13374,2
13382,3
1481,0
5590,0
5569,0
13716,0
5959,2
9596,3
8881,0
8445,2
16713,0
1541,3
5603,3
6452,3
17463,4
10539,2
14887,0
8169,0
1531,0
15351,1
12682,0
1260,0
4136,0
15401,0
2233,0
13422,3
10088,0
12305,0
8627,0
11878,0
12112,0
3610,0
10785,0
16140,0
10046,3
12962,0
10251,0
15512,3
11273,3
14394,3
7966,0
16627,3
13970,0
3321,2
1942,3
5906,0
5682,4
4298,0
1252,0
12486,0
17368,3
2690,3
4298,0
204,0
151,2
9028,0
7788,0
4542,0
15576,3
19941,0
12424,3
8446,0
5072,2
6807,0
495,0
14207,2
12765,3
18847,3
18934,3
801,3
8307,0
6121,0
728,4
4709,3
5334,0
18351,0
14481,0
17513,0
1849,0
14308,0
15856,0
12142,2
16984,2
17232,0
2484,2
2623,0
16021,3
4491,3
18321,2
4621,3
12625,3
6922,0
19522,2
8702,0
14172,0
4033,0
13376,0
12144,3
17091,0
19532,2
6475,2
10849,0
4136,4
19096,2
277,0
13918,0
1069,4
19023,0
11694,3
717,0
1854,0
19356,2
3830,0
11864,0
8258,2
5599,0
1490,3
840,6
10313,3
5299,0
9916,3
7847,0
886,4
8921,2
16544,2
8963,0
5110,0
13168,3
19104,4
16821,2
2600,3
1550,0
2810,0
8467,0
13543,0
18278,0
10278,0
6229,0
17493,2
660,0
17073,3
18073,0
8718,0
3253,2
5753,3
6236,0
5480,0
5411,0
17338,0
7126,0
16378,0
1463,3
2461,0
537,3
13276,4
12468,0
4312,0
2011,2
15379,2
9900,2
12234,3
19765,2
12229,0
2488,2
16005,0
9631,3
15670,4
7705,0
17715,0
7960,3
12342,2
815,0
9873,2
18944,0
5445,0
12663,0
12987,0
691,2
2181,2
10546,0
12874,0
5490,0
1269,3
11593,0
16940,2
15512,2
7122,4
14523,0
4910,3
13920,0
3356,0
19465,0
16639,0
2706,0
9984,2
6197,1
5366,3
2891,0
15343,3
9218,0
16733,4
14650,0
5788,4
5822,3
8389,0
9663,0
17593,2
10541,0
16230,0
8458,0
16314,3
2972,2
1538,3
14805,0
4976,6
14512,3
16079,2
5490,0
5594,0
17263,1
2402,2
15728,0
6683,4
7630,2
2242,0
17438,0
17669,4
13680,0
15599,0
689,2
14407,0
2747,2
14385,2
17193,2
11707,4
9021,0
5997,0
3010,0
191,0
13968,0
17114,0
7734,0
7764,0
16509,2
8539,4
15702,0
18627,0
2336,0
15563,0
6828,3
10167,0
13699,2
5897,2
19624,3
5851,0
2239,0
2877,0
14267,0
191,0
93,0
17449,2
7632,3
9777,6
14327,2
1559,0
15768,0
572,0
1782,2
17100,3
14025,2
4760,0
12588,0
493,0
18952,0
9496,0
1843,0
16226,2
12171,0
16779,2
11179,1
9503,0
18725,0
4184,0
7016,0
13281,2
15960,0
7619,4
9974,6
5476,0
769,0
10591,0
15282,3
13399,0
3009,0
19830,0
6582,1
6082,3
1936,3
13472,2
17833,1
3614,0
1920,3
19546,6
14828,2
2092,2
17568,4
17844,1
1013,0
17337,0
1679,0
14390,0
16406,2
18320,3
4086,2
14671,0
15069,0
14367,0
4158,3
13817,3
12106,3
3687,0
13122,0
12919,3
12992,3
55,0
8112,0
6102,4
11101,0
11049,0
13318,0
17175,0
8787,2
1951,0
19859,0
8077,3
14414,0
18290,4
13716,0
15125,0
9677,0
17580,2
19194,0
9696,2
17241,0
515,0
14721,2
437,0
2244,0
17965,2
12641,2
15715,0
13673,4
11205,0
1494,3
14291,0
6129,6
3815,3
19145,0
9762,2
6852,2
10848,3
3300,4
9956,0
8671,2
6637,0
771,0
16678,0
1990,0
15745,4
564,0
13025,6
5577,0
3802,0
17770,0
4141,4
14478,3
1115,4
77,0
615,0
1605,3
3395,1
15398,0
1885,0
9894,2
8837,2
11618,0
16961,2
1203,3
4054,0
19581,0
10207,0
9497,0
9344,2
8837,2
18193,0
11446,0
249,4
12653,2
1344,3
13481,0
8905,3
10538,0
15417,2
9323,0
17304,1
4243,5
9591,4
14178,0
15228,3
4002,0
835,0
2147,0
19037,0
12271,3
12668,0
9603,0
74,0
15997,0
14201,0
2535,0
18031,0
3744,0
7950,0
18830,4
16753,0
3932,2
10225,3
12349,3
15475,0
16934,3
5596,0
17667,0
11736,3
15160,0
13450,0
17459,3
11130,0
5233,2
12791,0
15332,0
4792,0
9927,2
7313,0
15920,0
2190,0
19166,0
3967,0
3664,3
19567,2
16905,0
1933,4
12278,0
18504,3
18135,2
17732,2
1184,2
8050,4
3793,2
10692,5
15996,2
12489,4
17275,2
5565,0
9865,2
13600,0
11929,3
2047,0
15114,4
13654,3
10817,3
9546,4
11054,0
18050,3
6565,0
13798,1
17129,0
17325,0
12869,2
4425,0
12646,3
3839,0
5266,2
12330,4
11949,4
6251,0
10394,2
16691,0
10570,0
507,0
11515,2
12168,0
6567,0
9261,3
17805,2
16018,2
2224,2
5442,0
441,0
10751,0
314,2
6439,4
1985,0
15282,1
15883,2
18700,6
5315,0
9374,0
7312,0
2580,0
4565,2
1403,0
2956,2
9127,3
11720,0
15580,0
18344,2
6102,0
3727,0
444,0
16260,2
2017,2
8783,3
40,0
10230,0
639,1
5726,1
17582,4
19462,0
8712,0
3521,2
2773,0
11496,1
13556,0
5868,0
685,1
6875,2
12615,3
16385,2
2430,4
19642,2
4928,0
17378,0
1779,0
12972,0
2514,0
4299,3
13840,3
17674,0
10288,0
18514,2
1410,2
8168,2
11767,3
9832,0
8235,4
9182,3
6093,0
12661,0
3123,2
17332,3
15225,4
9840,4
16873,3
942,0
12510,0
10394,0
8652,4
15153,0
7940,0
8384,0
10420,0
11754,0
2987,3
18160,0
207,2
8488,3
11957,3
3343,0
16006,0
8162,3
2597,0
9947,4
186,0
9697,3
2433,2
4956,0
8386,2
3768,3
1030,2
9126,0
9101,0
8553,2
17200,2
13917,2
2573,0
854,0
16524,0
12676,0
8572,0
13718,0
12185,0
11630,4
19727,2
18752,0
10595,0
10486,1
16086,3
17888,4
10200,0
3627,0
287,0
4761,0
3982,0
9337,0
3435,0
7531,2
11936,4
13407,0
7483,1
10846,3
19933,0
1409,0
12222,3
7797,0
14730,0
16165,2
10704,3
3610,2
7357,0
12975,2
17162,2
13739,2
2285,3
16724,2
16109,2
3319,2
15407,0
14997,2
5192,0
671,0
652,0
4451,0
2800,3
10332,0
9186,3
2520,0
2376,0
412,0
7927,4
5080,0
5588,3
6972,3
18546,3
15086,0
2700,1
7082,0
966,0
3419,0
12448,5
10770,0
1948,2
4114,0
18550,2
5387,4
11595,2
19206,0
16391,2
16395,4
12191,0
12866,3
3476,0
13036,3
5298,3
3917,4
14993,3
2576,3
18064,2
7211,0
5344,2
12327,3
5137,0
4180,0
8216,0
5988,4
6782,0
17276,0
12728,4
7970,3
2376,0
12180,0
18981,3
11126,3
17457,0
4485,0
11157,2
9855,0
13350,0
10173,0
16160,0
7162,0
12597,2
909,2
15012,3
4491,2
6809,2
15257,3
9206,0
2741,0
2969,0
4916,2
3513,4
7832,3
1548,2
10805,0
9439,0
13509,1
17907,0
12577,2
10922,0
10966,0
628,0
13322,2
13296,0
7183,3
6495,2
19119,2
11599,2
9505,2
6884,0
12721,3
8226,0
3873,1
17472,3
11939,1
2750,2
2396,2
5772,2
18156,0
9420,6
13450,2
7619,0
5417,2
9775,0
19551,0
10724,0
3832,0
4239,1
7320,0
11281,3
10858,3
16142,0
18375,3
9283,2
1920,0
7758,2
5967,0
10160,3
1609,2
9013,3
17565,0
2426,3
11344,3
14686,0
14036,0
9503,3
13113,3
17070,0
17308,2
7219,0
15146,0
9447,0
6272,2
14893,0
1207,2
11927,0
16006,0
2096,3
16377,4
8711,3
10516,0
2716,0
7043,0
7226,0
105,0
298,0
11814,2
10237,0
4515,5
4530,0
17082,0
10775,0
15892,0
11372,0
14482,0
13057,6
1436,0
19775,3
11563,2
12006,2
12737,0
6514,2
7837,2
19630,2
13521,2
8320,3
2553,2
17317,0
8257,0
9649,0
18990,0
5558,4
13359,3
7835,2
152,0
4942,0
2489,0
1401,0
9158,2
16892,2
11463,3
7657,0
15522,0
6801,0
19208,0
7804,0
6691,2
9741,0
7715,3
7813,2
17376,0
5342,0
9108,0
2093,0
16559,0
13289,3
19610,0
780,0
5457,0
10457,3
6833,2
403,0
19713,0
6368,0
7279,0
9118,4
5415,4
19054,5
13733,4
14056,3
14794,2
15857,0
2956,0
4481,2
8927,0
12512,0
13708,2
4042,2
8053,6
16666,6
17551,3
10141,2
13157,0
9836,0
10642,0
14597,0
3981,3
13435,0
6185,3
778,0
7857,0
6468,0
4321,0
19510,0
17358,6
2817,0
15674,0
6731,0
11314,0
4022,2
10002,2
18038,0
6869,3
9310,0
15368,2
9034,0
5750,2
5491,0
5989,2
13969,2
18491,0
14527,0
5670,2
4971,0
19899,2
5452,0
11767,0
4055,3
13711,3
1381,0
17072,3
18988,3
4493,3
5628,5
13034,4
15184,2
6597,3
2513,0
3748,0
11555,0
17696,2
2757,3
5287,0
9487,0
10435,2
12916,2
8772,3
19307,3
11246,3
818,0
17301,0
10900,0
2336,4
16378,0
10828,0
16182,2
5724,0
3654,1
14369,0
5141,0
9599,3
16980,0
14139,0
9580,2
14547,2
14277,1
3602,3
4434,0
5867,0
19262,0
12435,2
14021,0
15651,0
9911,0
2832,0
17961,3
9911,2
14594,2
11009,0
10077,3
12714,2
894,0
1587,2
6588,0
11905,0
10762,0
14392,2
18408,4
9732,0
2581,3
4795,0
5752,3
8329,0
19247,5
14547,4
9105,6
1930,2
16838,0
4142,0
19459,0
1798,4
18640,0
4183,0
19783,0
6129,4
17111,2
15906,6
8740,0
17345,3
12278,0
10060,3
5609,2
12742,2
5241,3
13809,0
3368,0
18554,2
18870,0
3293,2
16524,3
5920,0
11110,0
2159,3
14785,0
19665,2
12948,0
19420,2
8095,1
6372,4
15596,0
9104,3
3420,0
14792,0
5401,0
5370,0
9628,2
15261,2
16140,0
16776,3
5249,3
16462,0
7643,0
16999,0
15015,2
15206,0
3129,2
5578,0
16935,0
2717,0
11563,0
12145,0
19895,2
10131,2
10698,2
16648,2
12206,0
7418,2
15563,0
1051,2
12392,3
18953,2
10858,0
12834,0
16972,0
4873,0
14889,0
18047,0
19170,4
11982,6
8089,0
19782,0
12174,0
2721,0
5730,2
1214,0
9830,0
4594,0
16199,3
11826,0
1446,4
12999,0
3409,2
5606,3
2343,2
12817,3
18383,6
6578,4
19615,0
3969,6
2866,0
7338,3
233,0
7314,2
8491,0
8249,0
11498,0
18428,0
7345,2
12504,2
1502,2
5052,0
14820,3
17680,0
15753,0
9908,0
16567,2
1551,2
6090,2
13440,0
12150,0
9528,0
3832,0
16526,0
7617,0
612,0
3285,0
8107,0
4503,2
13575,2
6380,3
16131,0
17810,0
1378,2
14714,0
6265,0
4346,2
12260,3
18055,1
3443,0
7118,2
7529,0
13324,3
830,0
5432,0
19945,4
9269,2
13992,0
1301,0
7352,2
10555,0
18202,2
19118,2
8234,3
7942,3
9304,2
7522,3
9768,0
3174,0
19157,0
18454,2
7494,0
9321,3
11154,2
16964,2
18279,0
18542,4
13324,3
12183,4
8399,2
19439,0
5021,0
17257,0
17154,0
1607,4
8996,2
12458,0
14024,0
7394,0
18378,2
17761,0
3563,0
6276,0
8234,0
14199,0
14998,0
2575,6
5704,3
11737,0
2230,0
11837,0
14135,3
8749,3
6251,0
6772,3
3051,2
9241,3
3088,4
4188,2
4886,0
19288,0
2970,3
16268,3
16921,3
13653,3
1359,2
17417,0
9346,3
6785,2
12144,2
13839,0
16243,0
197,1
4831,3
17695,4
13261,0
4133,4
5741,5
6996,0
15251,0
2690,0
11122,0
1682,0
7909,0
19758,3
2824,4
5951,0
11471,2
8307,2
19097,2
17548,0
13284,0
5075,6
1054,2
4522,0
11705,0
271,0
14589,0
6219,0
11789,0
15906,0
6530,0
11649,0
17015,0
10942,3
11539,0
12972,0
2164,2
211,0
12046,2
4722,0
4736,0
9850,2
1762,0
16932,0
13184,0
5206,4
193,0
8266,0
12697,3
11894,0
4925,0
18287,0
876,4
2079,2
6256,0
16878,0
1296,3
154,0
19733,0
3173,4
17100,0
5722,0
17100,3
2523,2
2011,2
19838,3
9122,0
634,0
14973,0
19991,0
14961,0
6861,0
16836,2
5895,0
362,0
10304,0
7633,0
8356,2
11425,0
18148,2
5463,2
13386,0
8448,3
8792,2
19481,0
8493,0
4102,3
16956,0
4854,0
226,2
18748,2
4830,4
726,1
12889,2
6858,0
8036,0
14796,0
15549,4
14027,1
3052,2
15905,2
5668,2
104,0
14665,1
18850,4
13591,0
12158,3
18642,0
2513,0
10695,4
10003,2
8346,3
5251,0
16617,0
4809,0
7384,0
18296,0
10283,0
12243,0
4943,3
11787,1
17737,0
6297,2
3630,2
1151,0
14424,6
18714,0
19420,0
8152,0
3374,2
1242,4
2892,4
4428,2
17273,0
16028,0
19522,0
11748,0
15083,0
13932,2
13233,2
13703,3
11314,0
9065,0
18949,3
14663,0
9411,3
14549,2
5889,4
10315,2
6135,2
13425,2
7421,0
2568,3
4662,3
13409,0
15454,0
11002,0
7610,0
12112,3
234,0
3236,0
17254,2
18522,3
12057,4
2972,0
4911,3
2979,0
3249,0
8419,0
8515,0
3121,0
14779,2
19363,3
1845,3
9496,0
14631,2
19389,0
8755,0
11447,2
10886,0
2883,2
4133,0
8666,2
18739,0
165,0
15893,4
11560,0
16585,0
9903,2
19508,3
12666,2
162,0
12576,3
19964,1
18690,4
13746,0
10136,3
9268,3
7184,2
8368,2
10683,0
18624,5
18546,2
1854,0
10112,0
13936,3
7645,0
9450,0
4857,3
10889,0
13971,0
5560,2
19174,0
2500,0
11970,0
16436,2
17485,2
18935,0
5655,0
1560,3
10255,0
406,2
14178,2
16012,3
11207,3
11171,3
163,2
1161,2
10851,3
10706,3
7274,0
2551,0
2586,0
16682,2
15708,0
12546,0
5696,0
1467,0
19800,2
19369,0
5095,2
1342,3
17586,0
6971,6
17028,2
8864,0
14896,0
16991,2
13990,0
14674,0
10715,2
14422,0
12773,0
1169,0
16939,2
17772,4
4924,0
58,3
294,0
2397,0
19532,0
8770,4
18734,2
16391,3
14716,0
6960,6
10916,2
508,0
13919,0
2399,3
10738,2
13834,2
1200,2
7507,0
2911,3
10750,0
5592,2
16460,0
7372,0
15612,3
5710,0
18592,2
661,3
15407,0
5884,2
12561,0
3555,3
1229,2
5387,3
864,3
13675,0
4368,4
13067,2
6645,3
7367,2
6806,0
15493,2
228,3
8529,2
5077,4
12089,2
5774,0
18031,3
2096,2
13006,2
9735,4
16331,3
15323,0
11738,0
12048,4
7446,0
18286,3
18617,0
7392,3
3968,0
14257,3
3791,2
5323,2
2370,0
12040,0
12076,0
9493,0
2711,3
16724,0
1727,0
13334,0
9654,0
4340,2
15734,0
4332,0
2537,3
19729,4
6414,0
4460,2
17118,0
14138,0
4319,3
17939,2
10196,4
17280,0
3052,3
5666,2
13444,0
10441,2
14139,0
3072,0
5540,4
13721,0
7214,2
13350,2
16363,0
17885,0
11053,3
6981,0
5693,2
16099,0
1998,0
17290,3
2666,4
19724,0
16616,2
13081,3
15958,0
404,0
19625,2
16459,1
11760,0
12466,0
32,0
15815,3
2314,0
4498,4
11779,0
4086,2
13277,0
6331,2
13204,0
13983,2
17342,2
3863,0
2745,3
17700,0
17094,1
8655,3
7634,0
6001,0
1716,4
15882,0
4091,2
5698,0
13156,2
15638,0
4198,0
8071,4
2105,0
13668,0
2198,0
11708,6
3631,2
12835,0
13545,0
17487,0
9200,0
16149,3
7280,4
18767,3
4651,0
14821,3
3695,0
18093,0
9190,0
17262,0
14083,0
14196,0
7933,0
13414,1
5795,3
16984,4
3262,2
6416,4
8795,2
4931,2
19621,3
5583,0
6343,0
6859,6
67,3
13635,0
16484,0
18939,0
9494,0
19506,4
9803,0
19889,0
1551,0
2212,2
7399,0
10592,2
14427,0
14249,6
15638,0
17540,0
11261,1
13136,2
6845,0
19285,0
11824,0
13979,0
3439,2
19816,2
882,2
10635,2
13305,2
6766,0
19414,3
17350,4
2031,2
7227,0
12316,0
17270,2
4818,1
4648,3
17994,3
17506,3
19091,0
4529,0
16369,4
1017,4
6008,3
19660,2
3054,0
14060,4
16663,1
8017,0
10661,0
16205,2
10024,0
6317,2
10532,2
10771,0
1240,0
18020,3
1468,0
5213,0
6727,0
19932,3
6655,1
10659,4
14559,0
11094,0
8767,4
8343,0
17288,0
13161,0
3670,2
5644,0
15123,0
16165,0
19136,0
3900,0
10123,2
1963,4
6184,5
14039,0
1021,0
14605,0
2176,2
9951,0
3317,0
3574,5
5408,0
17442,3
2642,0
3151,0
13893,2
11126,2
18174,0
1025,2
10123,0
1189,1
16994,3
7490,2
17677,2
2044,3
1080,1
10817,2
8210,2
3026,3
11058,0
4939,2
6226,3
6026,2
15089,2
11834,0
4478,3
13261,0
17600,2
9702,0
11324,0
3868,0
9782,0
3083,2
7996,3
7498,0
9510,2
15678,4
16087,3
11168,0
406,0
12087,3
6665,3
13404,0
15193,4
17724,2
10997,0
17743,0
10965,0
16157,3
15441,3
18324,0
18562,0
14715,0
18822,0
7970,0
13390,3
4737,0
14296,0
17153,0
1970,2
12931,0
1462,5
18058,0
17454,4
6998,4
13091,2
9549,0
19393,2
14607,0
4109,0
11111,3
6910,2
3342,0
10849,0
14541,3
12666,3
6009,0
14038,2
11856,2
3103,0
16136,6
13026,0
6099,4
9271,0
5839,2
3536,0
3380,0
1537,0
14343,0
3292,1
11875,0
18230,0
6772,0
16344,6
3114,4
17165,0
15881,4
728,3
15566,2
16864,2
6731,4
18581,0
19159,0
15261,4
3306,3
11665,0
18256,2
18211,0
2908,2
6710,0
9521,0
13109,0
7137,2
5818,3
2610,0
15343,3
684,3
11,0
16806,2
4114,0
16679,0
19624,2
12464,1
17130,1
16684,2
544,3
4686,0
8167,2
9957,2
502,0
7544,4
16742,6
60,2
3911,2
2155,0
7939,0
11083,0
13890,0
11586,3
6995,2
1519,0
9677,4
15896,2
16848,4
1128,0
9600,0
4138,2
19870,3
1931,3
15195,2
13140,2
9481,1
389,0
14142,0
17064,0
14397,3
10972,2
14591,1
16615,3
16940,4
7549,3
19894,0
16715,3
1102,0
17065,2
16590,3
10759,0
4697,0
117,4
9230,5
16538,2
3825,3
3215,2
18660,0
4644,3
400,3
3291,0
6671,0
19029,0
10161,4
10521,0
4578,2
5097,1
2443,0
2024,0
11319,0
9933,1
4567,3
4940,3
8326,1
504,2
6450,0
12317,0
13368,0
7773,0
14780,0
2594,4
3407,0
992,3
16198,3
7727,0
7928,3
14562,0
5895,0
11722,0
13178,2
19686,3
18074,0
13654,4
849,2
13750,3
9866,0
3968,0
4626,0
9969,2
11543,2
16781,0
16755,0
9174,0
17208,2
10713,2
3186,0
10165,0
15520,4
5798,0
13901,0
202,0
6763,0
9277,3
9107,0
19362,2
4798,0
524,0
8095,2
13753,4
5919,0
15422,2
13767,3
4729,0
5730,0
16009,0
1628,2
1998,0
9587,0
13406,0
18452,0
18352,0
16589,0
11969,4
13644,0
7863,3
6838,0
19743,0
1531,3
17898,0
4495,3
11383,0
5585,0
19643,0
541,3
2014,0
17030,3
16931,2
18268,0
940,3
15078,0
2735,0
19065,0
16389,3
8595,0
12790,3
18913,2
1252,0
5914,0
3135,2
10640,4
18663,2
4555,2
234,2
9311,0
15958,0
14849,0
7262,1
2620,1
9834,0
4997,0
9110,0
13878,4
2384,0
9968,0
18863,4
18895,3
16105,3
14500,0
3084,0
3731,0
5699,0
17502,0
19520,6
17412,2
650,2
7498,0
9624,0
502,0
16216,2
11837,0
3081,0
5153,0
15928,4
18147,0
1384,0
12901,4
8662,0
9990,0
5599,0
2073,3
3970,0
9879,3
13264,2
16910,2
14859,0
16393,2
12515,3
18582,4
13615,0
3456,0
13564,0
14017,4
3756,3
15223,0
10702,0
783,2
713,0
11653,0
12373,0
9277,0
5788,3
13333,3
8869,3
1262,0
2494,0
16013,0
2539,0
3945,0
7492,1
15689,2
11486,0
15886,1
9386,2
5692,2
18722,1
12696,2
19569,2
18765,0
16032,2
3867,0
7766,0
7079,0
8080,4
10000,3
4996,0
14252,3
4368,3
19503,2
8924,0
15605,0
5510,0
2530,4
6233,0
15310,0
1695,0
19480,2
726,1
1828,3
190,0
19642,0
11486,2
18800,3
8392,0
6589,2
670,2
3606,2
9583,0
5428,2
16474,0
9533,4
8811,0
5320,2
7370,0
10878,2
262,6
4017,3
9094,0
17266,3
15128,0
10686,0
9456,2
8032,0
14150,0
13923,4
13051,2
18761,0
18897,0
17044,0
988,0
18037,1
17570,3
13507,0
1861,4
11618,0
3716,0
4615,2
11683,3
3959,0
1382,1
174,2
5684,2
6618,0
4944,3
17901,2
1733,0
4933,0
17420,2
13880,2
13565,2
3127,0
17294,0
14745,3
16673,0
1673,0
15240,0
7288,5
4931,3
15457,0
2691,3
18925,3
3130,3
10165,0
11353,2
9244,6
19838,0
8646,3
7081,0
2886,2
17625,3
17070,3
9894,0
1074,0
16035,3
5495,0
15202,0
17356,2
8711,0
2663,0
1062,3
60,2
15728,0
17831,0
5105,2
4937,3
15129,3
13234,0
16077,3
19894,2
5057,0
16138,0
16232,2
10273,4
15096,3
3895,0
19209,0
16532,2
14772,2
10345,0
15328,2
6430,0
19799,0
2939,0
7865,0
12580,0
19477,0
6539,0
5328,0
13221,3
3361,4
16281,2
16848,0
48,4
12940,0
2850,0
9133,6
10357,3
2648,3
8080,0
12132,1
15160,4
16990,2
16023,3
947,0
16986,3
13272,3
7052,0
11706,3
13596,0
6666,0
8911,4
1116,0
12496,0
11814,0
919,4
17022,3
15184,0
11835,3
16184,2
14397,0
10578,3
213,0
16850,0
18799,0
4174,0
3391,2
2565,0
10541,0
19166,3
4780,0
5329,2
13877,0
869,0
6644,4
2440,3
8252,0
14688,1
13873,0
17392,0
18922,3
19601,3
4799,2
4998,3
11022,3
13411,0
15896,0
11371,0
10680,3
6342,0
4567,0
4538,0
19403,3
3677,0
14312,0
7354,2
18060,0
929,0
19129,0
5057,0
8953,0
18093,2
545,3
4666,0
1627,3
11294,0
19915,0
16977,0
10839,3
6981,3
17416,3
1882,0
18024,3
7064,0
6799,4
1810,2
19465,0
2618,3
8733,2
1008,4
1044,3
2768,3
1500,2
11372,0
7805,0
1007,0
11362,2
17107,0
15489,0
645,0
10473,3
6142,0
2327,4
6791,0
792,2
14290,3
12149,0
2421,4
13683,2
10773,3
690,0
2686,0
13908,2
7774,0
5906,4
5649,0
768,0
11631,0
3258,0
256,0
12616,2
6269,0
3346,3
5959,0
18928,0
14744,2
6468,2
5832,0
8245,2
19878,0
2413,2
12941,0
16029,0
16152,3
10626,2
6314,0
14596,3
14114,3
17029,0
19915,2
19275,0
16448,0
12995,0
18646,0
2479,0
7849,4
9765,3
5801,3
9223,0
7083,0
5517,3
14357,2
3186,0
14708,2
4757,0
8998,2
10636,3
11239,0
13460,0
10248,0
1014,0
12510,3
11971,0
204,0
1283,0
10526,0
1502,4
18467,0
12500,0
18606,0
9170,0
13603,6
8307,0
13017,0
7697,2
12847,3
13853,4
2121,2
18922,0
9612,0
8681,0
5791,0
5469,1
14693,2
8007,4
18051,0
15514,2
1170,0
3797,2
2888,2
17085,0
156,2
11113,1
10213,2
4033,0
4726,0
687,0
9369,0
17761,0
11561,5
13330,2
7311,0
9106,2
6873,2
14330,2
17758,3
7860,2
17308,2
15185,0
2779,2
5539,0
12182,0
1831,2
19457,3
9101,0
5878,3
16370,0
10314,0
8754,4
2831,0
1072,2
7269,0
10748,2
446,2
10699,0
3373,3
7056,2
16854,0
4213,0
5192,0
14300,0
3253,5
7754,0
1271,0
17368,4
11380,0
19781,3
5892,2
19063,0
12418,2
14453,0
13942,0
1230,1
15078,0
13058,0
19029,0
19627,0
665,2
15679,2
4637,2
14900,0
3345,0
2242,0
19019,2
15810,2
4018,0
489,0
19063,0
11115,2
7151,0
16762,0
6240,0
10871,0
7813,2
16968,0
1907,2
15596,0
17019,2
15781,0
3083,3
19541,0
11559,0
9046,0
15722,0
10749,0
12127,3
3530,2
8630,0
13859,0
6396,0
7368,2
10374,0
19556,2
5084,0
2080,0
12722,0
18792,1
15870,3
4188,0
6795,3
16729,0
18888,0
10055,0
125,2
8536,3
16002,0
8112,0
19238,4
9173,0
9867,2
17424,2
18733,2
9104,0
15193,2
11880,0
153,3
9371,3
15386,0
13247,0
19425,4
10361,2
3190,0
2607,0
19403,0
7574,0
18976,0
2555,0
1228,2
145,0
18091,0
19333,0
5246,0
9208,0
6766,0
12884,2
5573,0
12851,3
6825,0
17692,2
17459,2
9503,2
17364,6
7002,3
11542,0
9145,0
6691,0
15901,4
12021,0
1195,3
16002,4
14677,3
995,0
2931,0
7435,4
13283,0
19641,0
16634,0
17322,0
15147,3
13703,5
136,2
12226,2
244,0
15390,0
13790,0
226,0
4078,4
3681,0
6928,2
15524,0
9823,0
11329,0
12075,3
16709,0
9108,2
1909,0
14318,4
16473,0
1546,1
18916,3
402,0
10106,0
13751,4
14648,1
10767,4
4524,3
7295,0
13760,0
10306,0
19093,0
11956,0
18244,2
8286,6
3754,0
3175,0
11254,0
220,3
5618,3
12721,4
13070,2
13434,2
13921,0
2599,3
5039,0
3112,0
16690,0
11087,4
13107,2
5976,0
5105,6
9993,0
619,0
12886,0
7927,2
13237,0
11889,0
10634,0
9203,0
12390,3
6465,0
15831,0
15152,3
19692,2
7710,4
6378,6
7843,0
9460,0
11171,0
18537,2
11639,4
7629,0
12677,0
10188,0
2722,2
14924,0
8167,0
16766,0
16653,0
15167,4
9954,0
9032,0
15717,0
1067,0
9107,0
13923,2
1658,2
4517,0
6254,0
557,0
14132,0
1420,2
18964,5
15600,0
3009,2
6796,0
18271,3
8125,2
7441,0
19330,2
11530,4
9965,2
17273,4
12144,4
19678,0
1244,2
5581,0
11249,8
12473,3
17607,2
9324,6
13125,2
8334,0
364,6
15151,0
15795,0
3146,2
16575,4
5840,0
1155,2
8989,2
17641,0
4869,0
614,0
3161,0
3891,5
7096,0
19131,3
5855,0
5831,0
17575,0
8959,5
17285,4
19668,3
14933,0
514,0
19655,0
1375,2
4782,0
16866,0
16874,3
1211,0
2469,0
2118,0
6570,0
16193,2
6519,4
16309,0
3641,3
4761,4
16499,0
16433,0
7205,2
17908,0
15863,0
9425,0
19483,2
14260,2
2618,3
9151,2
14706,4
18722,3
2739,0
13116,2
11347,2
3783,2
14473,0
5574,0
3003,0
8793,0
1678,0
4212,2
18645,0
13121,0
5410,2
10209,0
9046,0
8207,3
3262,2
17488,3
7742,0
10268,0
281,5
4196,0
17558,0
15248,0
13686,0
6614,0
14806,2
4815,0
13275,3
10103,2
2427,0
4297,3
12598,0
16698,0
17879,2
8750,2
10070,0
15517,3
10518,4
8209,6
765,0
8297,0
4163,2
4360,4
1317,0
11695,0
19105,2
4611,4
2368,5
6697,2
1141,0
18489,0
3391,3
16440,0
11616,0
8381,2
16691,3
7189,3
17751,2
6622,0
13490,2
11780,0
4378,0
4412,3
153,0
6042,0
2415,2
18951,0
4485,0
9078,3
7179,0
19267,0
475,0
5105,4
14021,3
12478,0
5208,2
5978,2
12997,0
19173,0
16059,4
11411,0
10831,0
6823,0
924,0
1168,1
1016,0
8920,3
15784,0
10401,2
7622,2
14440,0
10065,2
19880,3
4895,2
18681,2
12673,2
1980,2
7145,0
7358,2
17570,3
15307,3
18625,3
18323,0
5209,3
15064,0
5113,1
15887,0
14606,2
8075,3
8222,0
4195,4
5263,2
4652,0
12047,0
18023,2
9076,3
5435,6
13395,3
5997,2
19223,0
14643,2
12533,3
17073,0
4773,0
5794,2
7977,0
8884,3
12479,0
17862,2
13392,3
463,2
719,4
19348,4
15198,0
25,3
13452,3
2251,0
951,0
10344,0
17492,0
19115,2
11650,1
6276,4
16158,0
14955,0
6391,0
13843,2
1863,2
1100,0
17513,2
17640,0
9228,3
17815,0
2460,2
5785,0
8415,0
12328,0
15248,3
11531,3
15941,0
6616,2
9160,0
9914,0
16194,0
14716,0
14871,2
12103,3
11810,0
12150,2
8080,0
19115,0
2672,2
12757,0
17958,0
6488,0
8199,2
1785,5
16405,0
4581,2
14166,0
11156,3
6059,0
2961,3
9175,3
12466,0
8563,0
15082,0
11120,0
12764,0
12713,0
5926,2
17450,0
1986,3
9521,6
3676,0
19523,0
15596,0
14231,3
17715,0
867,0
8078,2
18259,2
11692,0
18540,2
11619,0
17432,0
9316,3
5147,0
1742,0
15282,0
7957,3
14457,4
17921,0
7818,2
3057,3
9235,4
17451,1
4868,3
709,3
28,0
1363,0
2431,3
1990,3
8593,2
4000,0
15913,0
10717,0
2103,0
1132,0
4583,3
16630,3
19254,0
15217,3
9067,0
2454,2
2433,2
19112,2
931,5
7166,0
18088,0
10064,3
8984,0
15275,0
2933,0
11662,3
6262,0
6429,1
10552,2
13323,6
15577,0
5010,3
89,0
7903,3
3423,3
3645,0
11484,2
9076,0
17721,2
12045,0
14935,2
13946,2
2975,2
10396,0
1294,4
5141,3
11059,0
19426,2
17150,4
5782,0
7396,3
2131,3
11657,0
12755,0
19330,0
3140,4
3913,0
3395,0
15721,0
2105,0
11197,2
8429,1
2839,0
9121,0
17573,2
3719,0
11950,0
13112,0
13878,6
6542,3
17658,0
15690,4
5287,0
12297,0
1917,0
12048,2
5704,0
18284,0
10453,0
9065,2
18913,2
546,0
3552,0
17164,0
19583,2
3384,2
7692,6
1997,3
10040,2
9157,0
2428,0
8415,3
17642,0
4497,3
10535,0
11328,0
11394,3
15177,2
4173,3
16106,3
8190,0
12867,0
19810,0
19190,0
13547,0
6380,0
15305,0
11296,3
305,0
6638,0
8417,0
453,3
5629,3
5626,2
3389,2
15743,0
12926,2
4725,0
2382,0
6694,2
14282,0
1341,3
15921,3
10530,1
9063,4
19867,2
7461,4
1299,3
5618,2
9719,4
1438,0
11865,0
15346,3
5579,3
16120,4
15787,0
11493,3
331,0
3083,2
13799,2
5624,0
13937,3
6533,0
8479,0
3981,0
13923,3
13545,0
12880,4
16246,0
10096,0
14056,3
15455,2
12716,2
4627,3
17806,0
8587,2
232,0
4195,6
2511,3
4145,2
17615,0
1734,3
726,0
18165,4
14785,0
6675,3
12345,0
7424,2
1439,3
14269,4
2062,0
7783,0
17916,0
8579,0
7366,0
1756,2
9714,3
17303,0
10637,3
7446,0
18173,3
7512,2
18186,0
13401,2
11694,3
12797,2
328,2
16529,4
14451,0
6852,0
9795,3
14635,3
19888,0
9743,2
6431,5
14830,2
4334,0
7281,0
13913,0
5178,0
10050,0
4898,2
3807,0
17500,3
17040,2
19190,0
3967,0
4648,0
5745,0
14512,0
18601,0
7866,3
2292,0
16375,2
15802,0
9208,0
16500,0
17608,3
11696,0
16861,0
15438,0
3278,3
9637,0
1824,0
9474,0
14901,0
11690,2
5622,2
14486,0
3659,2
13426,0
19276,0
2510,0
4654,0
4586,2
4444,0
19167,0
3159,0
19239,0
18771,0
18961,2
2411,0
9471,3
4677,0
2866,2
5555,0
10685,2
1260,0
18325,0
15926,2
4431,3
19456,3
8125,2
14292,0
1306,0
13796,3
11017,0
19641,2
1481,0
10825,3
16244,3
6721,0
4103,0
17615,2
11392,2
672,2
15385,2
8683,3
5791,2
18793,0
10409,0
4150,2
6999,2
7119,3
9576,0
1093,4
858,0
2368,0
13117,3
6221,3
17771,0
6199,0
19881,2
10962,4
7464,0
5607,1
11613,0
11534,3
16304,2
3306,0
19880,0
12996,0
3823,2
4025,1
9518,3
6852,0
2827,0
16269,3
3808,2
17972,0
4827,3
7566,3
8501,3
392,0
11088,0
14894,0
19925,0
5645,3
10187,2
4500,0
5062,3
5122,3
12921,4
13747,4
17214,3
14262,2
5810,0
2811,5
11151,2
5402,0
18889,3
9944,2
8061,2
9746,2
17158,0
3644,0
13900,0
17671,3
5092,4
7235,4
14679,4
15029,0
5276,0
378,0
18300,0
11906,0
11757,0
12356,0
302,0
15523,0
11819,2
19958,2
9211,3
2738,3
11745,4
3849,2
14824,2
10303,3
8277,0
3644,0
9135,0
6530,3
14226,2
9837,0
386,0
18942,0
2994,2
4803,2
17429,0
5232,0
10326,0
7291,4
2720,1
565,0
3629,1
6588,4
2860,0
14743,0
18723,4
4719,3
10998,0
15198,2
4439,0
1755,2
11415,0
6571,0
10161,0
6852,4
9890,0
17014,2
12676,3
11601,2
4460,4
11077,0
5073,3
13546,0
12253,2
3650,0
8313,0
10988,2
1058,0
8720,0
11871,2
5797,2
1410,0
17709,1
19156,2
16335,0
1301,3
4524,3
9727,5
7398,0
14683,2
19541,0
17359,2
19760,0
8448,0
15247,0
593,0
4777,0
9716,0
15796,0
11755,0
15037,2
4492,4
17922,3
10195,4
5901,0
18233,0
19222,0
5119,0
13065,2
8788,2
12768,0
8792,3
14698,2
6046,0
15197,0
10345,2
14017,4
2800,2
1173,0
18758,2
17807,3
17303,0
391,3
10672,4
7010,0
8606,3
12812,0
14638,0
5699,0
8219,0
8567,0
2890,0
19891,2
4380,4
1000,0
6573,0
6310,1
12298,0
10350,3
8002,4
15599,0
7382,0
7892,0
10028,4
8533,1
5782,0
16016,3
6743,2
16535,2
15649,2
13806,2
10832,4
12446,0
11085,2
18738,1
11,3
12632,3
10561,2
4331,0
3956,0
9699,0
2971,3
7426,3
13065,2
7400,0
1537,3
11452,0
1907,2
8906,2
5205,3
7607,1
18157,0
6640,0
4507,0
16955,2
14419,0
9776,0
6833,0
2828,0
4350,4
18824,0
18279,3
7171,2
7838,2
13500,0
14209,0
14873,2
12458,0
3022,3
15138,3
11533,0
5247,0
5588,3
8118,0
12782,3
15051,2
13304,4
9663,2
7099,0
14877,3
8041,0
3271,2
9706,0
16105,0
9959,0
16574,0
15339,0
12254,3
1721,0
2104,0
13951,3
7036,0
17706,0
5530,2
3927,0
19445,0
15154,0
11531,2
11308,0
13682,3
9867,6
16754,0
4784,2
1509,2
16923,0
17778,0
1283,0
13201,0
7829,0
15061,3
15733,4
7693,2
14541,3
17602,0
19642,3
2632,1
9884,2
3688,0
917,0
4895,0
5867,0
12298,2
3124,2
9018,3
15908,5
8521,0
8526,0
2962,3
4311,0
4933,2
6568,4
18133,0
19440,0
19611,0
5968,2
11689,0
9499,3
4873,0
14247,2
13994,0
18974,2
16727,0
1140,3
17276,0
785,0
5986,0
5876,2
16969,0
18991,4
6786,4
18301,0
13851,0
1750,0
12982,2
10395,0
11645,0
923,2
7287,0
6616,0
9777,1
3134,3
9937,6
3637,0
19071,5
4637,0
16661,0
4233,6
19465,3
3987,3
8601,4
7651,0
11093,0
5820,0
15732,0
19909,3
16789,0
1407,0
12067,0
1757,2
4846,4
17396,2
19989,3
4249,2
667,0
18608,2
3267,0
6519,0
11907,0
18312,0
17317,2
112,0
5901,0
6837,0
14434,0
3590,2
19404,2
11801,1
5037,3
989,0
4961,3
5661,3
16549,0
10756,2
15883,0
6294,0
15574,3
17356,3
1832,2
5372,0
8096,3
14182,4
727,0
13716,2
14385,3
18643,0
14330,2
6022,0
11716,3
11991,0
14350,2
2282,0
4620,0
7718,0
9348,0
12853,0
4662,0
5132,2
10293,0
13436,3
15551,3
16014,0
16301,2
12249,0
13824,0
13050,2
16577,0
11546,3
6090,2
8006,0
2130,3
18714,3
12809,0
10694,3
19037,2
4423,3
10691,6
9472,3
13598,0
17643,2
272,2
12686,4
3057,3
11580,3
203,0
17429,0
10759,2
807,3
18777,0
1154,3
2567,3
14270,0
1367,2
18628,0
16480,2
16184,0
13667,3
11673,0
15754,0
5258,0
6843,2
11431,4
4725,3
12891,0
5462,0
7381,2
18827,2
15369,2
5611,0
16955,0
13939,3
6738,0
17132,0
12180,0
6768,2
3962,3
16678,0
1699,1
6774,2
16956,3
6183,2
3659,2
4612,0
5159,0
10503,3
15378,0
7169,0
4853,3
1986,3
16879,2
9019,0
6331,2
17042,0
10338,2
13998,0
8102,0
8697,0
16661,0
17625,3
10237,0
4065,0
4087,0
15479,0
929,0
13937,2
13311,0
16170,0
17853,5
5433,0
12677,2
4151,0
17140,2
8098,0
18044,2
6709,0
15748,2
799,0
18890,3
17770,2
19249,2
14387,2
12641,0
17251,3
60,0
2889,0
14306,3
13467,0
126,4
8949,6
2686,0
10766,0
572,2
16901,0
19459,3
14466,2
4857,3
18509,0
18103,0
18050,5
5969,1
1696,0
2793,3
9713,2
5052,3
6941,3
3600,0
4541,0
9930,3
860,4
15835,0
18440,2
18895,3
9476,0
797,0
15374,0
12383,0
14995,0
11042,0
5891,3
11851,1
7928,4
14243,3
10554,2
17199,2
8737,4
4538,2
19956,0
5585,0
7186,2
910,0
13029,0
18449,3
13232,3
7282,0
19360,3
11980,0
12871,0
7533,0
6256,0
7119,3
4507,0
4703,4
11516,3
10822,0
2284,0
6629,0
19018,2
8235,2
11093,0
9949,3
4926,3
19582,6
16100,0
6654,0
161,2
8894,0
7642,0
15432,4
8820,3
987,0
5611,0
19203,2
7412,0
3565,0
5680,0
1105,0
15043,3
234,0
10271,4
2108,3
13247,2
16374,0
14820,3
19385,0
3748,3
9193,0
1725,0
18311,0
8007,2
9435,3
16154,3
3414,3
15321,0
19152,1
3262,0
1800,2
1273,6
2987,0
5223,3
19708,3
9670,2
5397,0
7973,0
16410,3
14408,2
317,0
14730,0
1752,0
18271,0
17868,5
9024,0
13364,0
17650,0
9111,0
9146,0
6943,2
10450,2
7239,4
6212,3
7548,0
4650,2
8894,3
4370,0
6704,0
5494,0
2965,2
14588,4
16121,1
9813,0
19323,0
4911,2
10655,3
18810,0
8695,4
3720,0
19103,0
13828,6
8719,0
5470,2
15613,0
9490,2
17270,4
19333,2
13200,3
2345,0
8068,5
17632,0
7950,2
6519,4
11454,0
2263,0
9730,0
10559,0
8911,4
12671,2
2013,0
15675,3
7025,4
18196,0
15706,3
9018,3
16081,0
1353,0
9663,2
6371,3
9569,3
11343,3
11855,3
148,2
19501,0
19315,3
8627,1
8444,4
8467,0
7083,3
19747,0
7746,1
13350,3
18814,0
918,3
14948,0
15103,0
13662,0
6924,0
17700,0
16608,0
2176,6
13237,0
534,0
5988,2
18850,6
19867,2
12155,3
256,2
7973,0
16210,4
3440,0
770,3
368,0
9030,0
1492,4
2765,4
19309,1
19785,0
18639,0
4242,0
968,0
15352,3
13636,0
4986,0
10066,4
294,3
4117,2
1646,2
8224,0
19576,3
3240,4
15229,0
13380,0
18706,6
17844,4
9783,0
19124,0
14175,0
1214,0
10233,0
19168,4
4712,2
10905,0
9794,4
17025,3
12485,2
14123,0
14852,0
941,0
731,0
3227,0
12161,0
11351,0
10707,0
162,3
5057,0
3701,0
19561,0
9661,0
2738,1
8636,0
16,3
19334,0
7297,3
19790,2
11334,0
13386,0
8123,2
7105,0
3095,3
5808,3
3866,0
3199,0
17055,2
19900,1
6546,0
4259,4
9848,0
4616,3
17509,2
14621,0
15927,3
2723,3
3067,3
6376,0
11664,0
18565,0
14439,2
18019,0
17809,0
1316,0
7238,0
5560,1
14082,3
2964,0
14037,4
3452,0
18257,0
13248,2
8371,0
17606,2
16422,3
8311,0
1105,0
5103,0
1648,3
14342,0
15690,0
19095,0
899,0
11565,2
14534,3
18141,3
9168,2
1381,6
12743,0
19648,0
19951,2
15517,4
238,4
11602,0
16821,0
10320,0
12880,2
14069,0
12820,2
983,2
5669,0
3408,0
18607,2
19187,0
19942,0
19583,0
3814,0
1828,0
5488,0
15994,0
15472,4
18231,2
14435,3
12000,3
18180,0
3573,0
4922,0
5074,3
5127,2
15524,3
6643,0
15047,2
8580,3
6555,0
11292,0
11529,3
10195,0
7234,0
1252,0
9735,6
5322,0
17221,0
17750,0
256,0
4753,0
15704,0
16001,1
8159,0
8512,2
10450,3
7006,2
10754,3
15082,0
11688,4
3367,3
1914,0
11703,2
14232,0
15511,0
1389,2
16489,0
6410,6
11718,0
3683,0
1708,0
10478,2
5750,0
9171,3
336,2
693,0
5313,2
10717,4
11348,0
15823,2
16526,0
10195,0
15972,6
7032,0
10896,2
3666,2
14506,3
559,0
3225,0
6450,2
3363,4
13865,2
19816,2
15011,2
9268,2
18485,2
7257,2
2823,3
15235,0
5016,3
10693,5
6784,3
2659,4
5424,0
5390,1
16576,3
7961,0
17522,0
9275,4
17297,0
12855,2
7082,2
1515,0
10111,3
3005,0
17490,0
7896,0
15329,0
1248,0
8333,3
13839,4
15111,0
6474,0
3273,0
10150,0
7190,0
7868,0
9258,3
17258,4
16390,3
6296,2
9569,0
4758,0
5189,2
9424,2
10177,0
10145,3
9550,0
3300,2
16309,0
7108,3
3675,0
7060,2
1756,3
18733,3
3961,0
19145,2
4300,3
2113,0
10846,0
3849,2
14629,0
145,0
10758,3
11999,1
18658,3
14408,0
16958,4
19194,3
6305,2
8566,0
18117,0
777,0
2468,3
5257,1
7480,0
17343,0
19201,3
6238,0
12391,0
4134,1
12199,3
18017,0
16211,3
16127,3
386,3
3516,0
7979,2
1164,0
4270,0
5675,2
5347,4
12889,0
12707,2
1820,0
9589,3
3535,4
11440,0
18880,0
10102,3
16913,0
3109,0
8418,4
3007,0
19563,3
5373,2
6719,0
1364,2
8543,0
12473,0
4838,0
15155,3
8012,4
2544,0
15240,0
8490,0
12177,0
7521,0
11737,0
7450,0
17622,0
6780,0
4575,0
10913,0
14215,3
10233,0
16336,0
18256,0
19198,2
16880,2
19250,2
19381,2
13245,0
11338,0
4378,3
2102,0
18213,3
12280,0
12664,0
2941,4
16455,0
2986,2
19235,3
2967,0
1380,0
15504,0
13913,4
4243,2
11422,2
1524,3
8646,3
17589,3
12984,1
4690,0
15193,2
7146,0
1469,0
8338,2
12006,0
3247,3
1971,0
8669,0
13419,0
16898,0
3629,3
14005,0
2542,0
9,4
16855,2
18888,3
11704,2
7213,0
13703,3
15688,0
16220,0
12327,0
2151,0
13778,0
13472,0
3779,2
7128,3
10367,3
6559,0
14846,0
12080,0
13774,0
6997,4
14489,2
9784,2
6269,2
11620,2
8974,0
1428,0
12478,4
15696,0
5423,3
2017,4
597,3
16428,0
4060,0
3627,2
14996,0
18880,3
16977,0
17109,0
14140,0
6191,0
4833,4
5073,4
8120,0
5759,0
11138,0
13389,0
2278,4
19933,2
14566,3
13465,0
66,0
8680,3
16877,4
15641,0
9715,3
10058,3
4790,5
9721,0
7526,2
14043,0
10100,0
2123,2
15898,0
12647,2
7196,3
8002,2
13009,2
16402,0
784,0
4019,0
16692,0
3129,0
11108,2
17479,6
12600,1
3164,0
1015,3
8430,0
7993,2
10482,0
11801,2
17207,3
12109,0
4287,4
7876,5
2064,0
390,2
15183,2
18073,0
8315,0
1969,0
15774,2
1319,0
12190,2
6264,2
6192,3
17334,0
1857,0
11211,2
8173,1
8000,0
2696,0
12419,5
4523,0
19835,0
11939,2
14376,4
19456,0
15167,0
16459,2
9763,2
18432,1
5622,0
19183,4
10097,3
16378,0
15254,3
19253,2
19252,0
10006,3
18756,2
14168,1
104,2
15882,0
1567,0
11381,2
4443,0
3906,3
1007,0
4628,0
12201,2
1466,6
9627,2
9510,0
5074,0
1764,2
14531,0
18564,0
17515,4
8613,3
16378,3
13832,2
19177,3
8548,0
10286,0
12182,0
6284,3
2076,4
4214,0
16218,2
17952,0
17047,0
15553,4
4612,3
10116,0
1500,0
8680,3
7432,0
15636,3
4185,3
5968,3
16033,0
9196,0
16365,3
7310,3
19988,3
10234,0
15942,0
12640,2
13785,0
10929,2
9053,6
565,3
7230,0
12991,0
13216,4
15038,0
11382,2
18296,0
5544,5
7345,4
233,3
6139,2
6591,0
15823,0
9692,0
11161,6
458,0
16335,0
19129,0
10313,1
12856,0
14287,3
13746,0
6083,0
760,0
7624,0
3243,0
9005,0
3575,3
10358,0
15826,3
4887,3
3417,0
571,0
19552,2
13180,2
13403,6
12755,0
13660,3
2902,0
13180,4
198,0
13541,4
17810,0
19923,2
17188,0
2005,0
16633,2
9385,3
13145,0
301,0
14130,0
11595,0
6336,0
4272,4
12013,1
17812,0
13074,0
15523,3
15540,3
82,4
6447,0
19296,0
10874,4
11162,2
15082,0
1932,0
6548,0
18799,0
19546,0
6168,0
5898,2
15383,3
4135,0
12207,0
7355,0
2295,0
3640,0
18309,0
13535,3
12360,0
1987,2
11130,0
5793,0
6554,4
3161,3
19488,0
17006,0
14769,3
3896,4
5559,0
4255,4
1778,6
15630,0
7373,0
768,3
6701,0
10082,2
19158,0
7193,4
2253,0
5307,0
10095,0
14120,0
6642,2
5656,1
609,3
18816,3
10757,3
8555,2
5580,3
18591,2
8107,3
5109,0
18544,2
11882,0
3583,0
11559,0
12352,0
10383,2
11279,4
5664,0
7709,0
4795,3
7707,3
12370,3
11618,2
9247,0
11410,0
13737,0
10179,3
14010,5
10433,0
17858,0
18977,4
6009,3
2363,4
13001,2
9885,4
3765,2
17709,0
6370,2
3129,0
14352,0
666,2
9766,0
15627,0
8070,0
2630,4
9590,0
10131,2
498,2
6344,0
9141,0
806,2
1019,3
17888,3
13353,2
3514,1
159,3
15150,0
17910,0
19345,0
5949,0
15116,0
1883,0
17909,2
4864,0
1892,0
18939,3
18244,0
11530,0
12126,0
4865,3
8155,4
10966,0
16802,4
17717,0
17858,0
6841,0
9686,0
15562,0
5141,6
12674,2
845,0
120,0
5336,0
12614,5
2828,1
6403,2
1102,2
19996,2
11087,0
19924,0
4593,6
5944,0
18608,0
3762,2
1641,0
15008,0
13489,5
12236,0
8134,0
767,4
17447,2
12098,0
17618,0
10109,5
8060,0
11725,3
1605,2
6617,2
11669,4
7027,3
7605,3
19120,0
18925,2
9513,0
354,0
19692,0
18045,0
145,0
1055,4
16163,0
3782,0
7657,6
4389,2
14605,0
3841,3
6396,4
11795,2
15216,2
19299,0
5233,3
9491,0
7523,0
12700,0
3880,0
12563,0
19127,0
18782,0
19354,0
16578,3
8175,2
14456,0
6511,3
3364,0
17373,2
9035,0
11877,0
19944,4
14749,3
19953,2
10875,0
14859,0
19169,0
19738,4
17095,0
2230,0
16237,0
19142,3
17136,2
2763,3
192,6
19230,0
16478,4
19730,2
10789,2
10292,0
80,2
11384,3
5316,0
9781,2
4409,3
19902,2
19810,0
4920,0
17340,0
2159,3
7244,3
2313,0
10514,0
19156,2
12391,0
10503,0
13269,0
11350,0
18733,2
11154,2
302,0
1015,4
229,0
14855,3
16832,0
16911,3
17722,0
10808,0
11510,2
669,5
3145,3
13844,2
340,0
2437,2
4355,3
2378,0
16456,0
11944,0
17463,0
15935,0
6509,0
11975,3
371,2
7269,2
11267,0
16523,0
4557,0
1759,2
9280,0
781,0
15020,3
2849,0
14616,0
6469,0
7429,0
11360,3
11671,0
16652,0
2914,0
2083,0
14484,0
13844,2
10780,2
7067,5
18188,0
18199,3
2158,0
14895,3
8560,0
15207,3
10348,0
13306,0
11241,3
15093,2
13281,0
11914,1
834,3
12270,0
5285,7
9204,3
5515,2
2114,2
7902,0
17619,2
4823,3
5285,2
17856,2
19621,3
5104,3
19628,0
3117,2
6411,3
3596,2
4837,0
7812,3
1582,3
9196,0
5737,0
19741,0
19773,0
5552,4
17849,1
19586,2
18984,0
18032,0
3906,3
2193,0
13231,0
2785,4
10380,0
6563,0
11525,4
11774,0
2852,2
18416,2
19768,0
19619,3
18366,6
595,0
2735,3
818,0
14380,0
2172,3
19937,1
18044,6
11922,2
16438,0
2787,2
988,2
67,6
712,0
8633,3
7869,2
16482,0
13777,2
13892,2
2895,3
1062,0
11310,0
6776,0
6461,0
17740,2
4642,0
13319,3
5713,2
11027,2
3259,3
15751,3
16122,0
16312,1
14210,2
1506,3
2612,0
539,0
2550,0
5546,2
9082,6
5369,0
18120,0
1823,3
11108,3
4922,0
16530,3
4190,0
1651,3
6953,4
13794,0
1384,0
7848,0
17482,0
1093,4
24,4
904,4
19856,0
2139,0
5776,0
17821,0
12115,9
706,2
19555,2
12388,3
1673,0
10516,0
5190,3
16885,2
16890,2
9290,4
19554,0
7265,0
10106,2
564,2
15710,0
19151,0
769,2
10143,0
18207,2
364,0
11470,3
8419,0
968,2
18138,3
8923,8
667,3
8747,0
17871,3
3003,3
4433,2
18919,2
8997,0
11618,2
18437,0
17740,0
4922,3
17517,0
11984,1
14837,2
1907,3
3709,0
19539,2
9799,0
12944,0
10416,0
19563,0
19607,5
12018,3
17653,4
6283,0
17063,5
11910,0
15982,0
4302,3
14893,0
16669,3
2395,3
14388,0
2881,0
1679,3
11989,0
12508,0
5232,3
17745,0
3828,0
7148,0
12476,0
9036,0
13930,4
4247,0
12775,0
8817,2
1279,0
15077,3
15345,0
8984,3
7984,0
10197,0
15708,2
717,2
15641,0
13031,3
2722,0
12879,0
671,2
11016,0
6353,0
5311,3
9940,0
19212,3
5782,0
13779,3
8123,2
13041,0
9297,0
11477,0
7769,0
19493,3
13929,3
8662,0
17139,2
12629,0
4892,2
10584,4
3850,4
14090,0
3854,2
11954,0
2646,2
282,0
15850,0
14565,0
17484,3
15326,0
16522,0
4713,2
2176,0
15235,0
11739,0
7292,5
105,0
11939,0
3094,0
4598,0
5242,3
6751,2
19418,0
16825,0
15265,0
13418,0
3770,4
6696,0
12581,0
1828,4
18753,0
4268,0
11586,3
12205,3
13004,3
2841,0
17371,0
9546,4
9130,3
19642,3
1404,0
6910,0
9065,2
12453,0
9455,0
14288,3
13994,2
13956,0
2590,0
1854,0
16676,0
7165,0
13378,0
1040,0
10937,2
4112,6
10171,0
13645,0
11590,0
324,3
4458,0
18971,2
6207,3
1652,0
11714,5
2196,0
11641,3
12031,2
9265,3
3790,2
19225,2
19579,0
17396,4
19762,0
4655,3
15924,3
1814,2
7848,0
14890,0
2880,0
15735,4
6985,0
8003,2
3144,2
3908,1
2287,5
17197,0
13273,2
4777,0
12905,0
3359,3
8926,0
2352,0
12935,2
7423,3
6792,0
2032,2
8111,0
11434,3
6736,2
8221,2
6446,0
6799,2
877,3
8347,0
8734,0
2035,4
5126,0
16363,2
10793,4
3990,1
2682,0
18589,0
363,0
16312,0
12394,2
17955,2
1613,3
17790,0
19464,3
18385,2
14210,2
5167,0
11345,0
13663,2
5476,2
16958,3
1750,0
13569,0
8461,0
18166,0
8208,4
2658,0
17478,0
16513,0
13986,0
235,0
2486,0
3201,3
8859,0
5108,2
1004,0
7938,4
5690,3
6681,0
1308,1
12990,3
5574,0
6984,4
11397,4
8716,0
17000,2
4611,0
4399,0
17718,0
12159,3
4117,3
2786,0
5029,0
19493,1
8741,0
9283,0
9370,6
11421,2
5024,4
4477,0
16732,1
3163,2
18163,0
9860,0
1874,0
2524,3
7243,2
1627,0
11916,3
10878,0
7519,3
13882,0
16725,0
2330,2
15226,3
6152,2
9856,5
14996,0
6980,0
9145,3
14523,0
11005,0
17823,2
14670,0
18177,0
18714,3
2643,0
4668,2
9137,0
12903,0
10681,2
19037,0
18595,0
4299,0
3435,0
9950,0
16284,0
10576,3
7846,0
14119,0
7875,1
19174,0
5497,0
5065,0
14746,3
18284,0
5261,0
4938,0
16799,4
8399,0
7659,2
11173,0
2892,4
14691,0
2871,1
15384,0
6031,0
9063,6
16654,2
1726,3
8016,0
11312,0
9795,0
16,0
11302,4
11759,5
6853,0
4654,2
5660,0
7206,0
694,0
8259,2
5599,0
17141,2
4107,2
4521,0
17347,0
9552,0
13944,2
4644,0
7373,2
6767,0
17127,0
17304,2
14377,4
11873,0
3556,4
15034,2
5938,0
10433,0
37,0
4698,0
8258,0
4806,0
12444,0
10222,0
19117,0
10291,2
7031,0
870,3
6686,0
8243,2
10860,4
14172,0
10701,2
545,2
2808,2
11445,2
4784,0
11397,0
4151,0
1819,3
19971,0
19600,3
15368,0
10794,0
6033,3
15639,0
16322,4
7041,2
698,3
2307,0
10837,4
15659,2
10983,0
864,0
4675,0
10762,2
7815,3
1460,3
15882,0
8597,0
4264,3
19531,4
15740,2
14746,3
7436,0
779,2
4675,3
12197,3
16743,0
18635,0
1630,2
14106,2
5686,2
19738,2
5779,0
4886,4
4146,6
4524,4
9689,0
13299,4
11181,0
1797,3
1587,0
2462,0
11413,4
15934,2
7678,2
13892,0
2063,0
19867,3
4088,0
3203,0
8662,2
4232,4
8921,0
18647,2
148,2
6622,0
12232,0
4499,3
4131,2
14394,4
19187,0
18057,2
889,0
10744,2
4014,3
18988,0
6585,0
17216,3
19800,2
2143,0
1445,0
1689,0
5539,4
16150,2
8666,0
10451,3
13945,0
5677,3
583,0
6382,2
1460,0
10481,3
10232,0
699,0
16034,0
8009,3
5185,0
4927,5
18994,0
15042,0
1150,0
18870,0
1645,0
13926,0
3072,0
9596,0
10776,0
1036,0
10703,2
9205,0
16035,3
1079,4
11349,0
8498,0
2261,0
7415,4
8312,0
3970,0
258,0
4964,0
12046,3
16884,0
2817,0
5823,0
15166,0
15585,4
1125,0
13493,0
5238,6
2068,0
7404,2
10086,0
7618,2
6085,0
8953,3
8488,3
4567,0
17096,3
6881,2
2922,0
14831,2
2064,0
15173,2
9765,0
1875,0
17186,0
19222,2
3228,2
5188,1
16310,2
11245,0
19171,0
18532,2
3845,3
12760,0
15876,3
14126,3
17157,0
15700,2
12963,0
1619,2
13368,3
19149,2
6012,3
6073,0
8106,2
8782,2
19282,2
18071,2
10350,2
13391,0
296,3
18971,3
10207,2
629,2
5481,0
5330,3
10704,0
1932,0
2204,0
17886,0
6855,0
5744,2
4979,0
14098,0
16370,3
7612,0
10401,2
1376,0
7727,0
699,4
9215,3
7935,4
897,2
253,0
14211,0
12886,2
7454,0
11873,0
10485,0
9788,3
17973,0
11797,2
6722,0
11708,0
17633,2
10860,0
555,3
6337,0
10472,0
7154,0
19528,0
18330,0
13647,0
15588,2
14067,0
15471,2
9168,0
8400,0
2850,4
12004,0
615,0
8308,3
9852,0
8417,0
8717,2
13503,2
17073,0
8706,0
17832,0
5229,0
18030,4
12732,0
13629,0
15653,2
2581,0
9638,2
855,2
16016,2
16077,0
11330,3
17002,2
17400,2
15092,0
15567,0
15161,0
16630,0
6923,3
138,0
13675,0
14052,3
13393,0
16940,4
14333,0
14036,0
8378,0
17173,3
17563,0
17771,3
9486,2
14646,0
15037,1
9307,0
17648,0
13358,3
12336,2
8436,4
14154,0
6882,0
9516,3
19975,3
8738,0
12997,0
5482,2
6172,3
7263,0
14837,0
19996,3
16770,0
8605,4
8424,3
16388,0
14057,0
11831,1
11381,0
11219,0
3618,1
18950,0
10960,0
12411,0
10910,3
5178,0
8946,2
12583,3
12612,0
17393,2
5051,4
12605,3
1753,3
419,0
16633,0
12118,1
6364,4
19255,3
16998,4
14365,2
4946,2
4023,3
13841,3
13258,3
16648,2
14559,0
11978,2
3564,2
13273,1
2371,0
3453,3
10047,3
1939,0
2038,2
7489,0
2686,3
7564,0
11992,3
6184,3
13147,4
13863,0
6261,0
6937,6
13879,2
1996,0
7064,0
10716,0
581,0
16566,0
12258,3
195,2
2451,2
745,2
8055,0
4717,0
14645,4
5497,2
17071,0
9369,0
18221,3
14635,2
14912,0
11577,0
7788,2
11824,0
7967,1
7368,3
8427,0
17302,0
11953,2
8389,2
18019,0
2863,3
15577,0
9475,3
496,0
15699,1
17953,3
12734,3
8864,0
10720,4
10921,2
5827,0
14382,0
10298,3
17416,4
391,3
8232,2
3133,2
7943,3
18680,0
2568,2
11826,0
654,0
10558,0
18818,3
9120,0
2601,0
8401,0
4632,0
8837,2
7099,2
5162,4
11116,0
16555,4
1986,1
18205,0
18574,1
882,0
19921,0
10079,0
7192,0
18619,0
240,3
5994,2
4009,2
2835,6
11469,2
189,3
5335,2
7798,3
13975,3
11357,0
16654,0
8988,0
12875,0
11317,4
13746,0
4873,0
3491,3
17748,0
18888,2
4207,2
4897,2
19342,0
11634,0
17228,0
14940,0
3719,0
10627,0
17764,0
19497,2
5560,2
1196,4
7689,2
8572,2
13900,3
13757,0
9506,0
13324,3
2410,0
17932,0
6773,3
2192,0
18604,2
10847,4
6207,2
16965,2
16117,0
11672,0
1585,3
4944,0
8033,2
16896,0
4137,0
7253,2
7601,3
7396,3
16622,1
17643,2
19517,3
12737,1
14496,0
4920,3
5791,0
7994,2
14511,2
13928,0
13478,2
11849,3
19396,3
13092,0
14208,0
1868,2
1517,2
6697,3
5184,2
19657,0
1221,0
15946,3
2064,3
13393,0
10583,0
18101,0
1993,3
632,0
11384,3
13100,0
19118,3
14536,2
15360,2
14516,0
13482,0
8177,0
2421,0
12150,2
17482,3
9011,3
11336,0
4262,0
19116,0
12070,2
6054,0
15835,4
14157,0
9491,2
986,2
6038,5
10270,2
11695,0
11340,0
11867,0
9454,4
3648,3
9342,0
5542,6
14245,0
16209,3
17778,0
15791,0
6159,0
66,2
4465,0
17231,0
12224,3
9802,2
5776,2
13479,0
15433,3
18257,2
2895,2
8050,0
4947,2
7378,3
5756,2
8705,0
17726,0
3862,3
10292,0
178,0
8353,2
5565,0
12096,3
10682,0
11221,0
15588,0
19522,0
4543,0
6364,2
11116,3
1060,0
1895,2
3232,2
10077,0
10775,3
6312,2
489,0
10295,0
12208,0
9146,1
6461,3
486,2
13280,3
1390,3
9562,2
9372,0
17027,2
10892,2
18787,0
17009,2
9447,0
12497,0
14908,3
6420,2
9951,3
19539,0
12516,0
12911,2
11803,2
11676,3
10211,2
5616,0
19322,2
7631,5
11885,0
1292,4
17773,0
1728,0
10786,0
2472,0
18052,0
105,3
9694,2
19938,4
897,0
3182,4
4748,2
65,0
11996,3
5741,0
8594,0
7736,0
14259,0
9810,0
4943,3
6094,0
6837,0
11404,4
956,2
6288,3
5111,0
17845,1
17044,0
14855,0
3385,0
4060,0
845,0
5560,0
14485,3
9257,2
1165,0
7737,3
14444,2
11169,2
2050,3
16412,0
7863,0
10258,4
16364,2
5093,0
17796,0
9130,0
12108,0
18588,3
9752,0
4177,3
8261,0
8940,0
2007,0
8325,0
12744,0
13894,0
7446,2
6131,3
16999,0
19593,2
7083,4
6163,2
14022,3
8989,3
999,0
15522,3
4566,0
15572,2
19991,2
2014,0
14295,2
12719,3
4394,0
13910,1
18157,0
11382,3
1312,3
19164,0
8571,1
5255,3
9673,0
1324,0
13612,0
16471,4
2693,0
17261,0
5060,0
17826,2
16531,0
6200,3
5773,0
16012,1
6581,0
15317,2
19557,0
14904,0
1591,0
6420,2
14588,3
16709,2
3676,0
4658,0
11637,3
8367,0
17159,0
3044,3
4552,0
13948,0
18645,1
15764,2
8848,2
14984,0
6893,3
4732,4
19945,0
646,3
9219,0
786,0
446,0
5870,0
2597,0
1409,0
9528,2
12768,0
3004,0
15234,0
2120,0
9268,3
14195,0
11692,0
4841,0
7206,3
17154,3
6155,0
4208,0
13275,2
16172,2
10602,3
17421,2
10693,2
3273,3
15169,0
8428,4
19937,7
3542,2
12338,0
6078,2
11460,2
7689,0
18225,4
11182,3
2116,3
9691,2
12946,0
7987,1
17737,4
14749,2
5355,4
18051,3
10566,3
15234,0
12316,3
7086,3
15635,6
11407,0
7674,0
16299,0
122,4
18680,3
8392,0
6893,2
11989,0
12595,4
12954,3
4576,2
13946,0
5739,0
19584,0
11426,0
4566,4
12123,2
7271,2
18563,0
11918,0
18667,0
14925,0
15795,2
12062,0
16475,0
11494,2
5615,2
946,0
19558,0
7123,2
10531,0
19159,0
4615,0
2409,3
17216,2
8912,2
15747,2
788,3
1798,2
5565,0
17424,0
7239,0
2170,0
8210,3
19008,0
15847,0
6854,2
9359,1
12878,0
8964,2
14719,2
5443,0
16999,3
15836,0
6240,0
17833,0
12192,0
15859,0
859,0
16528,0
16133,6
9878,0
4287,0
12816,0
16727,2
9921,2
12015,0
19181,0
4167,5
15682,0
8378,0
301,3
4760,2
5957,2
1556,0
13833,2
18982,1
10565,0
7804,0
1125,0
11280,0
1893,0
8633,0
3719,0
8677,3
19622,0
4875,0
4493,3
5499,3
1597,4
3089,0
10006,0
3466,0
9472,4
9018,2
4396,0
14933,2
5904,0
15899,2
1674,1
8787,3
17943,0
16091,0
11980,0
9354,0
16940,4
13007,0
15166,0
10340,0
922,0
13261,2
11545,3
6297,0
13997,0
15804,3
15552,0
12289,3
11186,0
4603,2
19115,4
8269,2
14031,2
954,2
14595,0
17051,0
6445,6
1925,0
1239,0
9611,3
17793,0
12873,0
12803,4
14374,2
14472,0
1685,0
10464,0
372,2
9877,0
12411,0
7531,6
7371,3
16767,3
3688,0
15545,0
10412,2
3311,0
12951,2
6849,4
16103,1
760,2
12662,0
8605,0
4133,4
19778,0
4368,0
9554,3
3924,2
393,0
14923,2
10737,0
3622,0
14309,0
16063,5
9343,2
12306,2
19766,0
9190,3
2401,3
15930,0
10230,2
7011,0
9638,0
10093,2
1672,2
16256,5
7756,0
10355,0
9951,2
18950,3
13055,3
19222,1
12397,2
4027,0
634,4
19205,0
10789,3
18343,0
13440,2
2989,0
1184,0
18066,0
18820,0
2107,0
12945,3
2137,0
269,4
7329,0
13778,0
358,2
12688,0
2962,2
14087,2
7959,2
15989,0
16311,0
16538,0
10724,0
922,2
370,3
11173,2
19797,2
19953,0
19715,2
16285,4
10805,4
9738,1
11095,0
2014,0
8106,0
3436,2
1379,0
1137,0
5017,0
490,3
2317,1
8848,0
13226,0
11362,2
9083,4
179,0
12861,3
17327,4
15444,0
1784,0
14953,3
3676,0
4050,0
9428,6
2353,0
1212,0
12197,1
13895,4
17682,0
12966,0
3713,0
8154,3
10473,0
8007,2
6430,0
5197,0
14212,0
10754,0
14317,0
7833,0
3786,2
15445,2
16282,0
8438,0
12312,1
7011,3
6651,0
16508,3
2335,3
19298,2
18454,0
731,2
4006,0
9874,0
2944,2
17945,3
16943,0
3959,2
5395,4
16978,2
7876,3
10833,2
18047,2
1961,0
9821,0
13965,0
11069,2
13680,0
11485,3
5534,4
13621,2
4675,3
3235,2
15462,2
342,0
6575,0
15950,2
11861,4
14567,2
16158,4
5454,0
15379,2
9290,2
13089,0
126,2
14062,0
3818,1
4284,2
6520,0
2373,3
4893,0
15358,0
18945,0
14561,0
2833,2
15519,0
18265,3
808,0
12472,0
18803,0
16377,3
13849,0
15592,0
1772,0
12404,0
16907,2
14042,0
13016,2
1529,0
3401,0
15061,4
12946,0
9969,4
19423,1
16453,0
7237,0
9280,2
9531,3
14688,0
9180,0
10655,4
8004,2
13272,3
10625,4
19846,0
6540,3
1842,2
10047,2
15450,0
12786,2
6160,4
4019,3
10139,0
19710,0
6917,3
10589,3
17677,0
10976,0
10308,0
12175,0
1129,2
12420,0
15226,3
9096,0
793,0
12173,3
19216,3
14490,0
13003,3
17513,0
11781,3
5941,0
6449,0
18302,2
2708,4
19604,0
9865,0
18161,0
16944,6
12714,0
6458,2
11948,0
8016,2
4079,0
8433,2
4151,0
6142,3
12602,0
15861,0
419,2
10225,3
7853,2
13503,1
17376,3
6432,3
13171,0
17741,0
6986,0
17438,0
7133,0
680,0
13256,2
1910,3
3871,0
2048,0
6471,2
9769,2
9615,0
12449,3
19657,3
13652,0
661,0
1132,5
10860,2
14345,0
13949,2
11528,0
3303,6
7587,0
1750,2
10729,0
18565,3
8519,2
678,3
13380,2
11065,0
5153,0
9882,3
17159,3
11559,3
5014,0
2668,4
15534,2
7069,0
13288,0
10931,3
11294,0
4599,0
4994,0
14728,2
19123,3
13861,0
9719,3
13824,2
3450,3
14599,3
11036,2
11683,6
9667,0
11139,2
4657,2
13919,2
17336,0
9979,0
9225,0
11951,0
975,2
17434,0
17414,1
4535,0
13239,3
14286,0
1462,2
8806,0
11777,0
787,3
9269,3
14889,0
19623,0
6099,3
12592,2
5956,4
5055,2
212,1
9275,4
6989,3
8044,0
16344,2
11332,2
7929,3
6441,0
16609,0
4765,2
18705,0
2073,0
12404,0
1542,0
3374,0
6261,0
19814,0
1927,4
18360,0
4670,0
6130,3
17273,0
16766,0
2665,0
3621,0
13518,3
15792,0
3201,0
9341,0
8073,0
4512,0
1578,1
14551,0
15990,3
4777,3
18293,0
5536,0
1629,2
13749,0
2502,3
19281,0
1988,0
7005,2
7951,2
19702,2
7996,0
526,3
16017,2
14266,3
16371,2
5141,2
9583,0
9462,0
8809,0
7992,2
9772,0
13584,3
13558,0
4025,0
15300,0
4763,4
1193,2
15927,1
1573,0
12172,0
3040,1
3365,0
552,4
18,0
6980,2
13025,0
6523,0
15456,3
636,4
18218,3
5283,0
18276,0
17543,2
18460,0
7999,0
808,4
1160,2
10181,3
7226,2
11045,0
18904,5
3380,0
7673,2
13223,3
5682,4
18710,3
17289,0
18542,0
12212,0
671,3
4171,0
17061,0
3292,2
13648,3
3385,0
719,0
2843,2
12719,0
9654,2
1,2
18077,0
3267,3
10996,4
4728,0
6397,3
12427,0
6764,3
992,2
4311,0
10894,3
1461,3
13886,2
12161,0
17755,0
3412,0
1340,0
4000,3
15470,4
15316,0
8519,0
11479,0
17929,1
17369,0
7127,3
16805,3
12482,3
14963,0
13223,4
2217,2
9135,5
6313,0
4361,0
6190,3
9943,3
946,0
8201,3
9972,3
5495,0
13519,0
9744,6
10618,0
18799,0
7855,0
19374,2
1141,0
18850,4
6344,3
17482,0
11033,2
14356,0
1558,0
574,0
17304,6
11989,1
17082,3
12415,0
7036,0
9907,0
9166,0
14026,3
8339,2
13622,7
3137,3
16701,0
7910,0
7170,3
18474,0
16376,6
12775,2
11088,2
16662,3
12607,2
10568,2
4491,4
2472,2
4172,0
8328,2
14373,2
9662,0
7135,0
19109,0
18207,0
18895,1
16053,4
13230,4
3768,0
2460,0
9765,2
9833,0
12241,3
7242,0
9216,0
16862,4
1932,0
16661,0
3030,0
6493,4
17987,0
14536,0
7933,3
11956,0
15463,0
3215,2
320,0
9065,0
9017,3
12467,0
11964,0
8780,6
4732,1
9344,0
4725,2
12682,2
8640,3
3313,0
16928,3
4175,1
587,0
9078,0
9461,1
8659,0
419,4
14318,2
3893,0
5009,2
5958,0
6938,0
7844,2
2187,0
1181,2
14502,0
8924,0
12392,3
5543,0
5591,3
19660,2
9784,4
12500,2
6371,0
12808,0
14838,3
11723,1
19675,0
5634,0
3712,1
2491,3
19360,0
1637,2
16814,2
13258,3
9127,0
3696,0
206,0
14696,2
18313,0
12164,2
922,4
598,0
12251,0
18570,0
1251,0
13752,0
14823,0
5873,3
8084,2
10825,0
4975,0
3983,3
14553,3
2462,0
18033,2
13699,3
3985,3
13072,0
11492,0
12638,0
6256,0
3180,0
15921,6
14799,3
4020,6
2711,2
6304,3
9280,0
11772,3
10426,0
9062,2
3201,0
12603,0
1014,0
7206,3
15366,2
18237,0
2032,2
4995,0
16669,6
10055,3
7210,3
97,0
19476,3
11085,0
10756,3
526,2
5366,3
13409,0
10487,0
2671,0
15106,0
19661,0
19029,3
2159,0
19944,0
4780,4
654,0
5439,3
2651,4
5310,2
1230,2
11138,0
17529,3
16661,0
17313,2
1191,0
18545,0
3554,2
9131,4
5592,2
5247,3
19559,2
15711,0
276,0
17532,2
12355,0
9203,0
13045,2
9752,1
987,3
7954,0
5901,0
8535,1
15126,0
3191,2
7057,0
9435,2
15271,0
1958,0
3744,0
13635,2
2563,2
6968,0
4082,1
3775,0
6610,6
4262,1
17079,0
16346,0
10763,4
19561,4
5755,0
7902,2
15114,3
13439,0
3071,3
4875,1
12043,0
6150,0
5969,3
16300,0
5408,2
14110,0
8982,3
19731,0
4727,5
11197,0
14031,4
12388,1
18291,0
2482,0
14226,3
16984,0
13947,1
3332,2
6031,0
10449,2
8363,3
14220,0
10775,0
14448,0
132,3
6411,0
12601,0
17043,0
7927,0
4234,0
11232,0
16748,2
15373,0
2892,0
17205,2
3793,0
1531,0
2963,3
7291,3
13085,2
9327,2
5643,2
11998,2
8502,2
1015,3
7116,3
86,2
8942,0
9916,2
8128,0
3636,2
2149,3
7637,0
18480,0
10635,0
8314,4
19790,0
6166,0
15493,2
17573,4
18613,2
16282,0
8435,0
3374,5
406,3
3228,0
3430,4
17370,2
17733,4
19835,0
19539,2
12041,2
19291,3
1073,4
5475,0
3250,3
2650,4
236,2
2110,0
12611,3
2646,4
9765,0
5529,0
7328,2
18610,2
7156,0
997,0
6477,3
3407,0
2521,6
12504,3
3400,0
19543,2
11236,0
2072,0
215,4
6694,0
525,4
955,0
3500,0
16294,0
13265,3
15799,3
10900,0
6942,0
18482,3
16607,0
10095,0
882,3
6121,3
11656,0
5738,0
1620,0
9967,0
12213,0
19873,0
5672,3
5724,0
19363,3
10891,0
10088,3
18931,2
5463,0
4987,3
11962,2
17350,0
17071,0
13335,0
6079,0
3216,0
5931,3
18987,3
11735,2
1826,0
11987,0
17323,2
19830,0
16766,2
15507,4
16464,3
804,3
11826,0
9417,0
6255,0
1424,2
11516,2
1638,3
6881,2
5641,0
5637,0
11580,0
4683,0
14501,0
18959,0
3516,3
7737,3
1289,0
19613,0
17543,0
4477,4
5424,6
3390,2
6093,2
8357,0
7597,0
10278,0
18610,3
9288,0
16788,2
18771,0
10417,0
15663,0
19146,3
14437,0
6898,1
17881,0
14917,2
14429,2
17458,2
207,0
13395,3
1309,0
4331,2
358,0
14552,3
6771,4
2761,2
13833,3
17640,2
1001,0
3741,0
5745,0
4366,0
17222,4
6213,3
16619,0
19480,0
13704,0
11796,2
18745,0
9556,0
11240,3
14287,2
1539,0
14086,0
17387,3
13743,0
16925,2
7787,0
18070,0
19719,0
15222,2
3875,0
18299,0
10940,0
5347,2
10160,0
5004,1
4390,4
16388,3
5190,0
9074,0
10474,3
5633,4
13262,0
6970,2
7347,0
2027,3
45,3
5890,3
5447,0
1689,0
17824,2
3327,3
12213,2
11829,0
18268,3
9488,4
10238,2
9019,0
5131,0
9523,0
1212,2
13046,0
7347,0
13341,0
4710,0
2695,2
16212,0
887,2
9828,0
7619,0
7637,0
885,1
11864,0
18708,2
19945,4
2015,2
8305,0
9446,0
13039,0
19265,2
19176,3
6016,0
16929,0
10640,0
10954,0
599,0
14966,0
18380,0
2007,2
10234,2
13327,3
4931,3
15438,5
15761,3
1789,4
7323,3
15669,2
17912,2
4095,0
19333,2
13828,0
10912,0
1435,0
16409,1
4108,2
8841,0
5522,2
16386,0
5450,0
13998,0
15032,0
11593,2
5997,4
4240,4
15369,0
2757,4
2971,0
297,0
19087,3
10974,2
12413,3
721,0
8026,0
1234,0
4855,0
19446,3
12913,2
2454,2
19348,2
773,0
5755,0
1913,3
13397,2
15158,0
9984,3
9318,3
10550,5
11151,0
529,0
2071,3
7989,0
19840,0
1543,0
9896,2
15681,0
19475,5
8707,2
4392,2
11298,0
9207,0
4083,0
271,4
10490,0
13032,5
663,2
11461,3
823,6
11691,0
3543,3
16082,2
9519,0
5264,3
10233,2
7069,5
8872,4
10622,0
9472,0
14781,0
3864,0
8995,0
17081,0
14051,2
5301,4
19344,0
17483,0
3153,0
8800,2
13193,6
12955,3
9257,0
11695,0
9435,3
11283,2
13763,2
17310,1
9852,2
6636,0
17264,2
18138,0
13266,0
6103,4
18965,2
2749,0
5911,2
19541,0
18255,2
12500,0
13865,3
432,0
19877,0
1629,3
4053,0
14260,0
14124,2
12940,2
14599,0
3866,0
4624,2
7044,0
166,2
5299,0
15812,4
16280,0
3626,0
15864,3
10636,0
9281,0
11834,3
18281,0
5124,0
21,5
19824,0
9524,0
13015,0
4906,3
16517,1
10745,0
14949,0
19226,2
12002,0
4551,4
12582,4
16093,2
12779,2
17974,0
4760,0
16593,4
13464,3
12537,3
12502,0
4958,2
19095,4
19092,0
9873,0
7225,0
5486,2
5451,4
8708,0
17143,0
19790,3
8859,0
3883,0
8792,4
15464,4
5283,0
3301,0
8055,0
17857,4
2289,0
7009,0
9910,3
6905,0
10364,0
6572,3
3760,2
6154,4
17160,4
1124,0
14879,2
7491,0
4607,0
16330,3
11022,0
4354,6
9261,2
15200,2
3816,3
10680,0
13329,0
9884,0
8163,3
7060,6
14531,3
2311,0
5660,0
12178,0
690,0
10437,0
7343,2
18184,3
16087,0
10813,2
11821,0
14188,2
3700,2
5154,0
13434,4
14849,0
16920,2
16648,3
17106,0
9130,3
10245,4
7218,0
10178,3
737,2
5177,1
6326,0
16963,2
19643,3
4806,0
1802,0
2780,0
18939,3
13830,0
19073,3
7195,2
19233,0
6456,7
15284,3
17360,0
11934,0
5939,0
5506,2
12726,0
7629,2
1564,0
12686,0
1089,2
9581,0
17400,0
10588,0
18376,0
11612,4
14347,0
15732,0
2302,0
12541,5
17845,0
7754,2
13511,3
18029,0
11017,0
7905,0
18122,3
2125,1
2294,3
12001,0
19708,3
2941,2
814,0
4483,0
16052,2
18402,0
14009,3
13650,2
7187,3
18350,4
2693,3
1001,0
8472,4
2560,0
18657,0
13046,6
9227,0
5830,2
1059,0
18881,2
14325,2
10415,0
19289,2
3176,3
11954,0
11111,0
18211,0
6623,0
18825,0
14158,0
19056,0
10639,6
10492,0
8038,0
6554,2
19867,3
15588,0
17727,0
3420,0
19656,3
9524,2
14842,3
10377,2
207,0
5695,0
3557,0
19065,0
11556,0
15327,0
13146,3
16959,0
10150,0
11039,0
12373,2
7129,0
1848,0
10271,3
10629,2
12742,0
215,0
16288,3
11630,2
12130,0
18525,0
5330,3
14271,0
2809,0
17558,0
11949,0
10619,4
11763,1
11271,0
11141,3
209,3
2990,2
2382,0
4608,1
9184,0
892,0
2654,3
2040,0
11536,3
4588,0
8017,4
1019,3
1218,3
10403,0
15048,0
15210,4
4537,0
13502,0
10161,3
4248,0
18504,2
6359,3
17087,2
1892,0
966,2
3815,0
2402,0
19456,2
17245,2
1770,3
11151,3
13639,0
3667,2
10585,1
7577,0
1316,0
10435,8
632,3
4494,0
3044,3
4251,3
19149,0
16299,0
18259,3
18445,0
1473,3
15585,0
2148,3
11908,1
8444,0
12059,3
1925,0
9540,0
2597,2
6988,0
16241,0
11367,0
5126,0
17889,0
8264,3
6273,0
8325,0
17055,0
7340,0
13993,0
19744,1
6652,3
12254,3
7448,0
18952,2
1313,3
17480,0
2120,2
4092,3
7437,0
9941,0
11870,0
13403,0
14310,0
10361,2
11926,0
2428,4
2786,0
13026,0
11133,2
7062,2
16843,4
19874,0
15309,2
12410,0
13255,0
7008,4
11549,0
18071,3
9187,0
17794,0
11600,1
5296,2
10651,0
12516,3
11750,0
19128,0
7493,0
5602,1
7776,2
108,0
18972,4
12388,0
10403,0
4712,0
1734,0
14011,0
7561,0
19049,0
13808,0
17630,0
14559,5
12942,0
16019,3
1094,0
13467,0
5882,0
1171,3
12828,0
5450,4
9304,2
13411,2
7433,0
767,4
492,4
19669,0
13659,0
6374,6
13145,4
17459,0
5097,0
1899,2
10955,0
16967,0
11580,0
11084,2
13285,0
4435,4
2179,0
6273,0
6610,2
17065,0
12763,1
3716,3
17850,3
16514,4
5229,0
17660,0
9679,2
18711,3
6564,4
2156,0
17883,2
11172,0
18579,2
19824,0
16626,0
5930,3
1159,0
591,0
14818,4
18812,0
4888,5
15323,2
19978,2
2097,0
10874,2
18446,0
4811,0
19041,1
14554,0
19456,2
11609,0
1098,0
16043,0
2603,3
3751,3
5445,0
14174,0
19430,0
539,3
4482,0
3890,3
7968,0
18749,0
12501,0
8514,0
18155,3
223,0
417,3
19404,0
2179,5
4008,2
12061,0
7389,0
1177,2
12685,0
16493,2
9599,0
9256,3
5390,2
569,3
12497,2
5275,3
6313,3
7906,0
1600,3
15708,3
10744,0
12055,0
18394,3
13301,2
8275,0
3722,2
18746,2
4321,3
404,3
17709,2
4640,2
15124,0
17740,3
14922,0
13986,0
6629,0
13931,0
10542,0
19567,3
6474,0
3758,0
11667,0
12091,2
1245,2
7164,0
14806,2
1363,0
16230,2
143,4
19561,0
15903,4
9399,4
865,3
350,3
12894,4
17043,0
11663,4
19603,0
16566,0
920,2
7610,0
19554,3
8691,0
3933,0
19488,0
5204,2
15089,2
16184,0
4164,0
8802,2
9906,0
13159,0
2513,0
1774,0
4958,2
7688,2
19317,2
9465,0
18099,3
8791,0
18990,0
3523,3
3083,0
10343,3
5406,3
12057,0
5171,3
3907,4
4603,3
19994,3
14678,2
15222,2
15581,3
17375,0
1134,3
15194,1
1391,0
17947,0
18074,0
769,0
18222,2
2022,0
13749,1
11109,0
1995,4
14539,0
5243,3
15372,0
10846,3
14870,2
7332,0
1425,2
11093,2
14191,0
6080,2
4735,0
15338,4
17413,3
4938,0
893,1
7761,0
4917,3
12323,3
1813,0
737,0
556,2
2808,2
10850,3
1209,0
3586,0
10956,0
15867,0
9493,0
12043,0
17285,0
19337,4
2490,2
9479,3
13179,0
3149,0
10452,0
17461,0
11684,0
3022,2
11934,0
12205,0
4330,3
13780,0
3141,2
436,0
118,2
18125,0
14312,0
14519,0
1754,0
935,5
12488,8
10531,0
755,0
17826,0
18108,2
2526,2
384,0
5907,0
1867,4
11468,3
5845,3
7611,0
9461,0
18108,6
2581,0
9095,3
12,0
7604,0
5231,0
4733,6
78,0
10975,2
10704,3
7226,0
11390,0
3727,3
10736,0
13732,5
3553,3
3972,2
4757,2
17018,0
5263,2
19324,0
16450,1
6894,0
12118,0
4663,0
9259,3
4476,2
4382,4
5944,0
13860,3
5087,0
9499,2
1284,2
11560,0
19950,0
11744,2
6295,0
19894,0
17948,3
5033,3
8855,0
16465,3
375,0
18848,3
14738,0
12297,4
14060,0
15485,0
16608,4
3718,3
12879,0
13650,0
6980,0
6553,0
19627,2
13158,3
13428,0
6295,0
5946,0
16915,3
14430,6
5812,0
2926,3
5961,0
15896,0
13429,0
3348,0
7208,1
12819,4
12100,2
522,4
3170,2
7520,0
15761,0
2658,0
6701,0
12454,3
1633,0
9726,0
935,0
6718,0
6470,3
5797,0
8975,2
11475,0
17152,3
2591,3
1881,0
9330,2
5520,3
2143,0
4647,2
4846,2
9557,0
4236,3
9088,0
8906,4
1695,0
16626,2
4270,3
4150,2
2356,0
15587,3
16713,6
8026,6
17860,0
1909,0
7620,3
12306,3
8155,3
13269,0
14892,2
11437,3
11569,2
1220,0
9817,2
8189,3
16117,2
17806,0
1622,0
4379,0
2817,0
2920,2
2917,0
16251,2
7669,2
7959,0
11455,2
10164,0
9643,4
11023,3
19421,3
5756,1
7162,0
6361,0
10338,3
6330,2
3642,0
9700,0
6732,2
310,0
19065,4
19846,0
627,3
10938,0
1120,2
2429,0
14379,2
4891,0
1725,0
6581,0
13095,0
9079,4
10326,0
2951,0
14318,3
12231,0
9,0
5355,0
10828,4
14104,0
1134,3
8656,0
1307,0
4243,3
1167,4
16044,0
15408,4
6588,0
9908,0
14079,8
6704,4
3777,0
10797,3
561,4
12929,0
9858,2
822,0
3729,0
6401,0
8007,2
13383,0
4987,0
17949,0
11953,0
16241,3
11128,2
17033,0
6005,4
3471,2
17589,0
19392,0
19488,3
3309,2
9220,4
13809,0
19811,0
6353,0
6365,3
3152,0
5694,4
10728,0
17569,3
15646,0
4218,0
9001,3
19873,1
11528,0
5895,4
5021,0
12772,0
10623,0
17849,0
13665,4
5912,4
5085,4
16634,3
15253,0
18802,0
2985,0
7933,0
10740,2
1495,2
8592,0
2082,0
17380,3
11296,4
10310,2
5051,2
7867,0
3632,2
10492,0
9017,0
8847,0
9824,0
2801,0
3093,3
11157,0
13128,0
16301,2
15300,2
7543,2
7829,4
5429,0
16385,3
10695,2
8333,0
17839,0
2719,3
2106,0
14571,3
2433,2
7246,0
7059,3
18631,0
5179,0
13057,0
14520,0
2590,2
2685,2
18061,3
8609,2
18028,0
10892,2
3687,0
18768,3
6200,0
1136,2
6811,3
13621,0
16458,0
5650,1
14114,0
17649,0
1353,0
7370,2
15372,0
12356,2
969,0
3490,4
10073,2
15833,1
9789,2
6363,3
10426,2
5269,2
5779,4
1792,3
19362,0
692,5
4763,0
13877,0
19049,0
8712,0
7367,2
2200,3
2000,3
10442,1
1667,0
352,0
16548,2
8547,0
18978,0
13965,2
5649,0
11003,0
10151,0
16740,3
7272,0
17627,0
1960,0
19918,2
1409,0
1081,4
1875,0
13379,0
13803,0
3775,0
8990,3
3539,0
18173,0
10382,0
338,0
6318,2
2539,3
6642,2
10745,0
1806,0
7034,0
3340,0
5827,0
4261,3
18990,0
923,0
11938,3
